prompt,item,category,typicality_rating_raw,typicality_rating_normalised,is_member
Once upon a time there was a girl named Lila. In her house there was a magical room that contained toys and when she entered she saw a doll.,doll,toy,1.41,-1.4690413385313654,1
Once upon a time there was a girl named Lila. In her house there was a magical room that contained toys and when she entered she saw a top.,top,toy,1.48,-1.4060116764429833,1
Once upon a time there was a girl named Lila. In her house there was a magical room that contained toys and when she entered she saw a jack-in-the-box.,jack-in-the-box,toy,1.61,-1.2889565897074162,1
Once upon a time there was a girl named Lila. In her house there was a magical room that contained toys and when she entered she saw a toy soldier.,toy soldier,toy,1.61,-1.2889565897074162,1
Once upon a time there was a girl named Lila. In her house there was a magical room that contained toys and when she entered she saw a yo-yo.,yo-yo,toy,1.62,-1.2799523522662186,1
Once upon a time there was a girl named Lila. In her house there was a magical room that contained toys and when she entered she saw a block.,block,toy,1.63,-1.2709481148250215,1
Once upon a time there was a girl named Lila. In her house there was a magical room that contained toys and when she entered she saw marbles.,marbles,toy,1.74,-1.1719015029718494,1
Once upon a time there was a girl named Lila. In her house there was a magical room that contained toys and when she entered she saw a rattle.,rattle,toy,1.79,-1.126880315765862,1
Once upon a time there was a girl named Lila. In her house there was a magical room that contained toys and when she entered she saw a stuffed animal.,stuffed animal,toy,1.87,-1.0548464162362823,1
Once upon a time there was a girl named Lila. In her house there was a magical room that contained toys and when she entered she saw a water pistol.,water pistol,toy,1.88,-1.045842178795085,1
Once upon a time there was a girl named Lila. In her house there was a magical room that contained toys and when she entered she saw a teddy bear.,teddy bear,toy,1.9,-1.0278337039126901,1
Once upon a time there was a girl named Lila. In her house there was a magical room that contained toys and when she entered she saw a rocking horse.,rocking horse,toy,1.91,-1.0188294664714925,1
Once upon a time there was a girl named Lila. In her house there was a magical room that contained toys and when she entered she saw a doll house.,doll house,toy,1.95,-0.9828125167067027,1
Once upon a time there was a girl named Lila. In her house there was a magical room that contained toys and when she entered she saw a ball.,ball,toy,1.96,-0.9738082792655053,1
Once upon a time there was a girl named Lila. In her house there was a magical room that contained toys and when she entered she saw jacks.,jacks,toy,2.09,-0.8567531925299383,1
Once upon a time there was a girl named Lila. In her house there was a magical room that contained toys and when she entered she saw paper dolls.,paper dolls,toy,2.14,-0.8117320053239508,1
Once upon a time there was a girl named Lila. In her house there was a magical room that contained toys and when she entered she saw an erector set.,erector set,toy,2.16,-0.7937235304415559,1
Once upon a time there was a girl named Lila. In her house there was a magical room that contained toys and when she entered she saw a hula hoop.,hula hoop,toy,2.16,-0.7937235304415559,1
Once upon a time there was a girl named Lila. In her house there was a magical room that contained toys and when she entered she saw a jump rope.,jump rope,toy,2.29,-0.676668443705989,1
Once upon a time there was a girl named Lila. In her house there was a magical room that contained toys and when she entered she saw a pogo stick.,pogo stick,toy,2.44,-0.5416048820880273,1
Once upon a time there was a girl named Lila. In her house there was a magical room that contained toys and when she entered she saw clay.,clay,toy,2.49,-0.49658369488203974,1
Once upon a time there was a girl named Lila. In her house there was a magical room that contained toys and when she entered she saw a wagon.,wagon,toy,2.49,-0.49658369488203974,1
Once upon a time there was a girl named Lila. In her house there was a magical room that contained toys and when she entered she saw a kite.,kite,toy,2.51,-0.4785752199996452,1
Once upon a time there was a girl named Lila. In her house there was a magical room that contained toys and when she entered she saw a train.,train,toy,2.59,-0.40654132047006547,1
Once upon a time there was a girl named Lila. In her house there was a magical room that contained toys and when she entered she saw a tricycle.,tricycle,toy,2.61,-0.38853284558767054,1
Once upon a time there was a girl named Lila. In her house there was a magical room that contained toys and when she entered she saw a coloring book.,coloring book,toy,2.68,-0.32550318349928803,1
Once upon a time there was a girl named Lila. In her house there was a magical room that contained toys and when she entered she saw crayons.,crayons,toy,2.71,-0.2984904711756959,1
Once upon a time there was a girl named Lila. In her house there was a magical room that contained toys and when she entered she saw a truck.,truck,toy,2.78,-0.2354608090873138,1
Once upon a time there was a girl named Lila. In her house there was a magical room that contained toys and when she entered she saw a puzzle.,puzzle,toy,2.82,-0.19944385932252393,1
Once upon a time there was a girl named Lila. In her house there was a magical room that contained toys and when she entered she saw a fire engine.,fire engine,toy,2.83,-0.19043962188132627,1
Once upon a time there was a girl named Lila. In her house there was a magical room that contained toys and when she entered she saw a balloon.,balloon,toy,3.07,0.02566207670741253,1
Once upon a time there was a girl named Lila. In her house there was a magical room that contained toys and when she entered she saw skates.,skates,toy,3.13,0.07968750135459733,1
Once upon a time there was a girl named Lila. In her house there was a magical room that contained toys and when she entered she saw a baseball.,baseball,toy,3.18,0.12470868856058485,1
Once upon a time there was a girl named Lila. In her house there was a magical room that contained toys and when she entered she saw a drum.,drum,toy,3.23,0.169729875766572,1
Once upon a time there was a girl named Lila. In her house there was a magical room that contained toys and when she entered she saw a football.,football,toy,3.28,0.2147510629725591,1
Once upon a time there was a girl named Lila. In her house there was a magical room that contained toys and when she entered she saw a game.,game,toy,3.35,0.2777807250609416,1
Once upon a time there was a girl named Lila. In her house there was a magical room that contained toys and when she entered she saw a swing.,swing,toy,3.35,0.2777807250609416,1
Once upon a time there was a girl named Lila. In her house there was a magical room that contained toys and when she entered she saw a boat.,boat,toy,3.36,0.28678496250213886,1
Once upon a time there was a girl named Lila. In her house there was a magical room that contained toys and when she entered she saw Monopoly.,Monopoly,toy,3.42,0.34081038714932366,1
Once upon a time there was a girl named Lila. In her house there was a magical room that contained toys and when she entered she saw a sled.,sled,toy,3.43,0.3498146245905213,1
Once upon a time there was a girl named Lila. In her house there was a magical room that contained toys and when she entered she saw a seesaw.,seesaw,toy,3.48,0.39483581179650845,1
Once upon a time there was a girl named Lila. In her house there was a magical room that contained toys and when she entered she saw stilts.,stilts,toy,3.48,0.39483581179650845,1
Once upon a time there was a girl named Lila. In her house there was a magical room that contained toys and when she entered she saw checkers.,checkers,toy,3.56,0.4668697113260882,1
Once upon a time there was a girl named Lila. In her house there was a magical room that contained toys and when she entered she saw a bat.,bat,toy,3.62,0.520895135973273,1
Once upon a time there was a girl named Lila. In her house there was a magical room that contained toys and when she entered she saw a car.,car,toy,3.63,0.5298993734144702,1
Once upon a time there was a girl named Lila. In her house there was a magical room that contained toys and when she entered she saw an airplane.,airplane,toy,3.66,0.5569120857380628,1
Once upon a time there was a girl named Lila. In her house there was a magical room that contained toys and when she entered she saw a bicycle.,bicycle,toy,3.68,0.5749205606204578,1
Once upon a time there was a girl named Lila. In her house there was a magical room that contained toys and when she entered she saw a tractor.,tractor,toy,3.68,0.5749205606204578,1
Once upon a time there was a girl named Lila. In her house there was a magical room that contained toys and when she entered she saw a sandbox.,sandbox,toy,3.71,0.60193327294405,1
Once upon a time there was a girl named Lila. In her house there was a magical room that contained toys and when she entered she saw a bike.,bike,toy,3.77,0.6559586975912348,1
Once upon a time there was a girl named Lila. In her house there was a magical room that contained toys and when she entered she saw a bow and arrow.,bow and arrow,toy,4.2,1.0431409075627256,1
Once upon a time there was a girl named Lila. In her house there was a magical room that contained toys and when she entered she saw a rope.,rope,toy,4.2,1.0431409075627256,1
Once upon a time there was a girl named Lila. In her house there was a magical room that contained toys and when she entered she saw dishes.,dishes,toy,4.51,1.3222722682398464,1
Once upon a time there was a girl named Lila. In her house there was a magical room that contained toys and when she entered she saw cards.,cards,toy,4.56,1.3672934554458336,1
Once upon a time there was a girl named Lila. In her house there was a magical room that contained toys and when she entered she saw a mitt.,mitt,toy,4.77,1.5563824417109802,1
Once upon a time there was a girl named Lila. In her house there was a magical room that contained toys and when she entered she saw a horse.,horse,toy,4.97,1.7364671905349296,1
Once upon a time there was a girl named Lila. In her house there was a magical room that contained toys and when she entered she saw a gun.,gun,toy,5.36,2.087632450741631,1
Once upon a time there was a girl named Lila. In her house there was a magical room that contained toys and when she entered she saw animals.,animals,toy,5.39,2.1146451630652225,1
Once upon a time there was a girl named Lila. In her house there was a magical room that contained toys and when she entered she saw a tennis racket.,tennis racket,toy,5.4,2.123649400506421,1
Once upon a time there was a girl named Lila. In her house there was a magical room that contained toys and when she entered she saw books.,books,toy,5.91,2.582865510007491,1
Once upon a time there was a girl named Lila. In her house there was a magical room that contained birds and when she entered she saw a robin.,robin,bird,1.02,-1.3679592312651592,1
Once upon a time there was a girl named Lila. In her house there was a magical room that contained birds and when she entered she saw a sparrow.,sparrow,bird,1.18,-1.2171083345436406,1
Once upon a time there was a girl named Lila. In her house there was a magical room that contained birds and when she entered she saw a bluejay.,bluejay,bird,1.29,-1.1133983430475967,1
Once upon a time there was a girl named Lila. In her house there was a magical room that contained birds and when she entered she saw a bluebird.,bluebird,bird,1.31,-1.0945419809574068,1
Once upon a time there was a girl named Lila. In her house there was a magical room that contained birds and when she entered she saw a canary.,canary,bird,1.42,-0.990831989461363,1
Once upon a time there was a girl named Lila. In her house there was a magical room that contained birds and when she entered she saw a blackbird.,blackbird,bird,1.43,-0.9814038084162681,1
Once upon a time there was a girl named Lila. In her house there was a magical room that contained birds and when she entered she saw a dove.,dove,bird,1.46,-0.9531192652809832,1
Once upon a time there was a girl named Lila. In her house there was a magical room that contained birds and when she entered she saw a lark.,lark,bird,1.47,-0.9436910842358883,1
Once upon a time there was a girl named Lila. In her house there was a magical room that contained birds and when she entered she saw a swallow.,swallow,bird,1.52,-0.8965501790104138,1
Once upon a time there was a girl named Lila. In her house there was a magical room that contained birds and when she entered she saw a parakeet.,parakeet,bird,1.53,-0.8871219979653189,1
Once upon a time there was a girl named Lila. In her house there was a magical room that contained birds and when she entered she saw an oriole.,oriole,bird,1.61,-0.8116965496045596,1
Once upon a time there was a girl named Lila. In her house there was a magical room that contained birds and when she entered she saw a mockingbird.,mockingbird,bird,1.62,-0.8022683685594646,1
Once upon a time there was a girl named Lila. In her house there was a magical room that contained birds and when she entered she saw a redbird.,redbird,bird,1.64,-0.783412006469275,1
Once upon a time there was a girl named Lila. In her house there was a magical room that contained birds and when she entered she saw a wren.,wren,bird,1.64,-0.783412006469275,1
Once upon a time there was a girl named Lila. In her house there was a magical room that contained birds and when she entered she saw a finch.,finch,bird,1.66,-0.7645556443790852,1
Once upon a time there was a girl named Lila. In her house there was a magical room that contained birds and when she entered she saw a starling.,starling,bird,1.72,-0.7079865581085157,1
Once upon a time there was a girl named Lila. In her house there was a magical room that contained birds and when she entered she saw a cardinal.,cardinal,bird,1.75,-0.679702014973231,1
Once upon a time there was a girl named Lila. In her house there was a magical room that contained birds and when she entered she saw an eagle.,eagle,bird,1.75,-0.679702014973231,1
Once upon a time there was a girl named Lila. In her house there was a magical room that contained birds and when she entered she saw a hummingbird.,hummingbird,bird,1.76,-0.670273833928136,1
Once upon a time there was a girl named Lila. In her house there was a magical room that contained birds and when she entered she saw a seagull.,seagull,bird,1.77,-0.6608456528830411,1
Once upon a time there was a girl named Lila. In her house there was a magical room that contained birds and when she entered she saw a woodpecker.,woodpecker,bird,1.78,-0.6514174718379462,1
Once upon a time there was a girl named Lila. In her house there was a magical room that contained birds and when she entered she saw a pigeon.,pigeon,bird,1.81,-0.6231329287026615,1
Once upon a time there was a girl named Lila. In her house there was a magical room that contained birds and when she entered she saw a thrush.,thrush,bird,1.89,-0.5477074803419024,1
Once upon a time there was a girl named Lila. In her house there was a magical room that contained birds and when she entered she saw a falcon.,falcon,bird,1.96,-0.48171021302623795,1
Once upon a time there was a girl named Lila. In her house there was a magical room that contained birds and when she entered she saw a crow.,crow,bird,1.97,-0.47228203198114305,1
Once upon a time there was a girl named Lila. In her house there was a magical room that contained birds and when she entered she saw a hawk.,hawk,bird,1.99,-0.45342566989095323,1
Once upon a time there was a girl named Lila. In her house there was a magical room that contained birds and when she entered she saw a raven.,raven,bird,2.01,-0.4345693078007636,1
Once upon a time there was a girl named Lila. In her house there was a magical room that contained birds and when she entered she saw a goldfinch.,goldfinch,bird,2.06,-0.3874284025752888,1
Once upon a time there was a girl named Lila. In her house there was a magical room that contained birds and when she entered she saw a parrot.,parrot,bird,2.07,-0.37800022153019414,1
Once upon a time there was a girl named Lila. In her house there was a magical room that contained birds and when she entered she saw a sandpiper.,sandpiper,bird,2.4,-0.06687024704206214,1
Once upon a time there was a girl named Lila. In her house there was a magical room that contained birds and when she entered she saw a pheasant.,pheasant,bird,2.69,0.20654700326569017,1
Once upon a time there was a girl named Lila. In her house there was a magical room that contained birds and when she entered she saw a catbird.,catbird,bird,2.72,0.23483154640097512,1
Once upon a time there was a girl named Lila. In her house there was a magical room that contained birds and when she entered she saw a crane.,crane,bird,2.77,0.28197245162644946,1
Once upon a time there was a girl named Lila. In her house there was a magical room that contained birds and when she entered she saw an albatross.,albatross,bird,2.8,0.310256994761734,1
Once upon a time there was a girl named Lila. In her house there was a magical room that contained birds and when she entered she saw a condor.,condor,bird,2.83,0.33854153789701896,1
Once upon a time there was a girl named Lila. In her house there was a magical room that contained birds and when she entered she saw a toucan.,toucan,bird,2.95,0.45167971043815797,1
Once upon a time there was a girl named Lila. In her house there was a magical room that contained birds and when she entered she saw an owl.,owl,bird,2.96,0.46110789148325265,1
Once upon a time there was a girl named Lila. In her house there was a magical room that contained birds and when she entered she saw a pelican.,pelican,bird,2.98,0.47996425357344247,1
Once upon a time there was a girl named Lila. In her house there was a magical room that contained birds and when she entered she saw a goose.,goose,bird,3.03,0.5271051587989168,1
Once upon a time there was a girl named Lila. In her house there was a magical room that contained birds and when she entered she saw a vulture.,vulture,bird,3.06,0.5553897019342018,1
Once upon a time there was a girl named Lila. In her house there was a magical room that contained birds and when she entered she saw a stork.,stork,bird,3.1,0.5931024261145814,1
Once upon a time there was a girl named Lila. In her house there was a magical room that contained birds and when she entered she saw a buzzard.,buzzard,bird,3.14,0.6308151502949612,1
Once upon a time there was a girl named Lila. In her house there was a magical room that contained birds and when she entered she saw a swan.,swan,bird,3.16,0.649671512385151,1
Once upon a time there was a girl named Lila. In her house there was a magical room that contained birds and when she entered she saw a flamingo.,flamingo,bird,3.17,0.6590996934302457,1
Once upon a time there was a girl named Lila. In her house there was a magical room that contained birds and when she entered she saw a duck.,duck,bird,3.24,0.7250969607459102,1
Once upon a time there was a girl named Lila. In her house there was a magical room that contained birds and when she entered she saw a peacock.,peacock,bird,3.31,0.7910942280615745,1
Once upon a time there was a girl named Lila. In her house there was a magical room that contained birds and when she entered she saw an egret.,egret,bird,3.39,0.8665196764223337,1
Once upon a time there was a girl named Lila. In her house there was a magical room that contained birds and when she entered she saw a chicken.,chicken,bird,4.02,1.4604950822633123,1
Once upon a time there was a girl named Lila. In her house there was a magical room that contained birds and when she entered she saw a turkey.,turkey,bird,4.09,1.526492349578977,1
Once upon a time there was a girl named Lila. In her house there was a magical room that contained birds and when she entered she saw an ostrich.,ostrich,bird,4.12,1.554776892714262,1
Once upon a time there was a girl named Lila. In her house there was a magical room that contained birds and when she entered she saw a titmouse.,titmouse,bird,4.35,1.7716250567514442,1
Once upon a time there was a girl named Lila. In her house there was a magical room that contained birds and when she entered she saw an emu.,emu,bird,4.38,1.7999095998867292,1
Once upon a time there was a girl named Lila. In her house there was a magical room that contained birds and when she entered she saw a penguin.,penguin,bird,4.53,1.9413323155631532,1
Once upon a time there was a girl named Lila. In her house there was a magical room that contained birds and when she entered she saw a bat.,bat,bird,6.15,3.468697644868528,1
Once upon a time there was a girl named Lila. In her house there was a magical room that contained sports and when she entered she saw football.,football,sport,1.03,-1.2297098369964148,1
Once upon a time there was a girl named Lila. In her house there was a magical room that contained sports and when she entered she saw baseball.,baseball,sport,1.05,-1.2146714122098488,1
Once upon a time there was a girl named Lila. In her house there was a magical room that contained sports and when she entered she saw basketball.,basketball,sport,1.12,-1.162036925456867,1
Once upon a time there was a girl named Lila. In her house there was a magical room that contained sports and when she entered she saw tennis.,tennis,sport,1.15,-1.139479288277018,1
Once upon a time there was a girl named Lila. In her house there was a magical room that contained sports and when she entered she saw softball.,softball,sport,1.29,-1.0342103147710546,1
Once upon a time there was a girl named Lila. In her house there was a magical room that contained sports and when she entered she saw canoeing.,canoeing,sport,1.41,-0.9439797660516578,1
Once upon a time there was a girl named Lila. In her house there was a magical room that contained sports and when she entered she saw handball.,handball,sport,1.42,-0.9364605536583747,1
Once upon a time there was a girl named Lila. In her house there was a magical room that contained sports and when she entered she saw rugby.,rugby,sport,1.43,-0.9289413412650916,1
Once upon a time there was a girl named Lila. In her house there was a magical room that contained sports and when she entered she saw hockey.,hockey,sport,1.44,-0.9214221288718085,1
Once upon a time there was a girl named Lila. In her house there was a magical room that contained sports and when she entered she saw ice hockey.,ice hockey,sport,1.45,-0.9139029164785254,1
Once upon a time there was a girl named Lila. In her house there was a magical room that contained sports and when she entered she saw swimming.,swimming,sport,1.53,-0.8537492173322607,1
Once upon a time there was a girl named Lila. In her house there was a magical room that contained sports and when she entered she saw track.,track,sport,1.61,-0.7935955181859959,1
Once upon a time there was a girl named Lila. In her house there was a magical room that contained sports and when she entered she saw boxing.,boxing,sport,1.66,-0.7559994562195806,1
Once upon a time there was a girl named Lila. In her house there was a magical room that contained sports and when she entered she saw volleyball.,volleyball,sport,1.71,-0.7184033942531652,1
Once upon a time there was a girl named Lila. In her house there was a magical room that contained sports and when she entered she saw lacrosse.,lacrosse,sport,1.72,-0.7108841818598821,1
Once upon a time there was a girl named Lila. In her house there was a magical room that contained sports and when she entered she saw skiing.,skiing,sport,1.76,-0.6808073322867497,1
Once upon a time there was a girl named Lila. In her house there was a magical room that contained sports and when she entered she saw golf.,golf,sport,1.77,-0.6732881198934667,1
Once upon a time there was a girl named Lila. In her house there was a magical room that contained sports and when she entered she saw polo.,polo,sport,1.8,-0.6507304827136174,1
Once upon a time there was a girl named Lila. In her house there was a magical room that contained sports and when she entered she saw surfing.,surfing,sport,1.84,-0.620653633140485,1
Once upon a time there was a girl named Lila. In her house there was a magical room that contained sports and when she entered she saw wrestling.,wrestling,sport,1.87,-0.5980959959606358,1
Once upon a time there was a girl named Lila. In her house there was a magical room that contained sports and when she entered she saw gymnastics.,gymnastics,sport,1.88,-0.5905767835673529,1
Once upon a time there was a girl named Lila. In her house there was a magical room that contained sports and when she entered she saw cricket.,cricket,sport,1.99,-0.5078654472412388,1
Once upon a time there was a girl named Lila. In her house there was a magical room that contained sports and when she entered she saw squash.,squash,sport,1.99,-0.5078654472412388,1
Once upon a time there was a girl named Lila. In her house there was a magical room that contained sports and when she entered she saw badminton.,badminton,sport,2.08,-0.44019253570169103,1
Once upon a time there was a girl named Lila. In her house there was a magical room that contained sports and when she entered she saw racing.,racing,sport,2.08,-0.44019253570169103,1
Once upon a time there was a girl named Lila. In her house there was a magical room that contained sports and when she entered she saw pole vault.,pole vault,sport,2.09,-0.43267332330840813,1
Once upon a time there was a girl named Lila. In her house there was a magical room that contained sports and when she entered she saw fencing.,fencing,sport,2.13,-0.40259647373527574,1
Once upon a time there was a girl named Lila. In her house there was a magical room that contained sports and when she entered she saw bowling.,bowling,sport,2.18,-0.3650004117688601,1
Once upon a time there was a girl named Lila. In her house there was a magical room that contained sports and when she entered she saw water skiing.,water skiing,sport,2.22,-0.3349235621957278,1
Once upon a time there was a girl named Lila. In her house there was a magical room that contained sports and when she entered she saw ice skating.,ice skating,sport,2.29,-0.2822890754427463,1
Once upon a time there was a girl named Lila. In her house there was a magical room that contained sports and when she entered she saw jai alai.,jai alai,sport,2.3,-0.2747698630494634,1
Once upon a time there was a girl named Lila. In her house there was a magical room that contained sports and when she entered she saw skating.,skating,sport,2.39,-0.2070969515099154,1
Once upon a time there was a girl named Lila. In her house there was a magical room that contained sports and when she entered she saw skindiving.,skindiving,sport,2.4,-0.19957773911663249,1
Once upon a time there was a girl named Lila. In her house there was a magical room that contained sports and when she entered she saw sailing.,sailing,sport,2.44,-0.16950088954350012,1
Once upon a time there was a girl named Lila. In her house there was a magical room that contained sports and when she entered she saw diving.,diving,sport,2.5,-0.12438561518380156,1
Once upon a time there was a girl named Lila. In her house there was a magical room that contained sports and when she entered she saw archery.,archery,sport,2.54,-0.0943087656106692,1
Once upon a time there was a girl named Lila. In her house there was a magical room that contained sports and when she entered she saw judo.,judo,sport,2.63,-0.026635854071121557,1
Once upon a time there was a girl named Lila. In her house there was a magical room that contained sports and when she entered she saw car racing.,car racing,sport,2.78,0.08615233182812464,1
Once upon a time there was a girl named Lila. In her house there was a magical room that contained sports and when she entered she saw ping pong.,ping pong,sport,2.8,0.10119075661469082,1
Once upon a time there was a girl named Lila. In her house there was a magical room that contained sports and when she entered she saw rowing.,rowing,sport,2.82,0.116229181401257,1
Once upon a time there was a girl named Lila. In her house there was a magical room that contained sports and when she entered she saw fishing.,fishing,sport,2.84,0.13126760618782318,1
Once upon a time there was a girl named Lila. In her house there was a magical room that contained sports and when she entered she saw horseback riding.,horseback riding,sport,2.85,0.13878681858110645,1
Once upon a time there was a girl named Lila. In her house there was a magical room that contained sports and when she entered she saw running.,running,sport,3.01,0.25909421687363554,1
Once upon a time there was a girl named Lila. In her house there was a magical room that contained sports and when she entered she saw horse racing.,horse racing,sport,3.18,0.3869208275594483,1
Once upon a time there was a girl named Lila. In her house there was a magical room that contained sports and when she entered she saw hiking.,hiking,sport,3.5,0.6275356241445068,1
Once upon a time there was a girl named Lila. In her house there was a magical room that contained sports and when she entered she saw weight lifting.,weight lifting,sport,3.59,0.6952085356840545,1
Once upon a time there was a girl named Lila. In her house there was a magical room that contained sports and when she entered she saw croquet.,croquet,sport,3.6,0.7027277480773377,1
Once upon a time there was a girl named Lila. In her house there was a magical room that contained sports and when she entered she saw horseshoes.,horseshoes,sport,3.72,0.7929582967967348,1
Once upon a time there was a girl named Lila. In her house there was a magical room that contained sports and when she entered she saw boating.,boating,sport,3.75,0.815515933976584,1
Once upon a time there was a girl named Lila. In her house there was a magical room that contained sports and when she entered she saw pool.,pool,sport,3.82,0.8681504207295654,1
Once upon a time there was a girl named Lila. In her house there was a magical room that contained sports and when she entered she saw billiards.,billiards,sport,3.95,0.9659001818422457,1
Once upon a time there was a girl named Lila. In her house there was a magical room that contained sports and when she entered she saw hunting.,hunting,sport,4.05,1.0410923057750763,1
Once upon a time there was a girl named Lila. In her house there was a magical room that contained sports and when she entered she saw jump rope.,jump rope,sport,5.0,1.7554174831369693,1
Once upon a time there was a girl named Lila. In her house there was a magical room that contained sports and when she entered she saw camping.,camping,sport,5.07,1.8080519698899513,1
Once upon a time there was a girl named Lila. In her house there was a magical room that contained sports and when she entered she saw chess.,chess,sport,5.07,1.8080519698899513,1
Once upon a time there was a girl named Lila. In her house there was a magical room that contained sports and when she entered she saw dancing.,dancing,sport,5.49,2.1238588904078406,1
Once upon a time there was a girl named Lila. In her house there was a magical room that contained sports and when she entered she saw checkers.,checkers,sport,5.64,2.2366470763070865,1
Once upon a time there was a girl named Lila. In her house there was a magical room that contained sports and when she entered she saw cards.,cards,sport,5.79,2.3494352622063333,1
Once upon a time there was a girl named Lila. In her house there was a magical room that contained sports and when she entered she saw sunbathing.,sunbathing,sport,6.75,3.0712796519615093,1
Once upon a time there was a girl named Lila. In her house there was a magical room that contained vegetables and when she entered she saw a pea.,pea,vegetable,1.07,-1.5321593662995727,1
Once upon a time there was a girl named Lila. In her house there was a magical room that contained vegetables and when she entered she saw a carrot.,carrot,vegetable,1.15,-1.46457962857168,1
Once upon a time there was a girl named Lila. In her house there was a magical room that contained vegetables and when she entered she saw a green bean.,green bean,vegetable,1.18,-1.43923722692372,1
Once upon a time there was a girl named Lila. In her house there was a magical room that contained vegetables and when she entered she saw a string bean.,string bean,vegetable,1.21,-1.4138948252757602,1
Once upon a time there was a girl named Lila. In her house there was a magical room that contained vegetables and when she entered she saw spinach.,spinach,vegetable,1.22,-1.4054473580597735,1
Once upon a time there was a girl named Lila. In her house there was a magical room that contained vegetables and when she entered she saw broccoli.,broccoli,vegetable,1.28,-1.3547625547638538,1
Once upon a time there was a girl named Lila. In her house there was a magical room that contained vegetables and when she entered she saw asparagus.,asparagus,vegetable,1.41,-1.2449454809560279,1
Once upon a time there was a girl named Lila. In her house there was a magical room that contained vegetables and when she entered she saw corn.,corn,vegetable,1.55,-1.126680939932215,1
Once upon a time there was a girl named Lila. In her house there was a magical room that contained vegetables and when she entered she saw cauliflower.,cauliflower,vegetable,1.62,-1.0675486694203087,1
Once upon a time there was a girl named Lila. In her house there was a magical room that contained vegetables and when she entered she saw Brussels sprouts.,Brussels sprouts,vegetable,1.72,-0.9830739972604426,1
Once upon a time there was a girl named Lila. In her house there was a magical room that contained vegetables and when she entered she saw a squash.,squash,vegetable,1.83,-0.8901518578845897,1
Once upon a time there was a girl named Lila. In her house there was a magical room that contained vegetables and when she entered she saw lettuce.,lettuce,vegetable,1.85,-0.8732569234526165,1
Once upon a time there was a girl named Lila. In her house there was a magical room that contained vegetables and when she entered she saw celery.,celery,vegetable,1.9,-0.8310195873726836,1
Once upon a time there was a girl named Lila. In her house there was a magical room that contained vegetables and when she entered she saw a cucumber.,cucumber,vegetable,2.05,-0.7043075791328843,1
Once upon a time there was a girl named Lila. In her house there was a magical room that contained vegetables and when she entered she saw a beet.,beet,vegetable,2.08,-0.6789651774849244,1
Once upon a time there was a girl named Lila. In her house there was a magical room that contained vegetables and when she entered she saw greens.,greens,vegetable,2.18,-0.5944905053250581,1
Once upon a time there was a girl named Lila. In her house there was a magical room that contained vegetables and when she entered she saw a tomato.,tomato,vegetable,2.23,-0.5522531692451251,1
Once upon a time there was a girl named Lila. In her house there was a magical room that contained vegetables and when she entered she saw a lima bean.,lima bean,vegetable,2.28,-0.5100158331651922,1
Once upon a time there was a girl named Lila. In her house there was a magical room that contained vegetables and when she entered she saw an artichoke.,artichoke,vegetable,2.32,-0.4762259643012457,1
Once upon a time there was a girl named Lila. In her house there was a magical room that contained vegetables and when she entered she saw a turnip.,turnip,vegetable,2.37,-0.4339886282213124,1
Once upon a time there was a girl named Lila. In her house there was a magical room that contained vegetables and when she entered she saw an eggplant.,eggplant,vegetable,2.38,-0.42554116100532596,1
Once upon a time there was a girl named Lila. In her house there was a magical room that contained vegetables and when she entered she saw romaine.,romaine,vegetable,2.44,-0.37485635770940623,1
Once upon a time there was a girl named Lila. In her house there was a magical room that contained vegetables and when she entered she saw a green pepper.,green pepper,vegetable,2.49,-0.3326190216294729,1
Once upon a time there was a girl named Lila. In her house there was a magical room that contained vegetables and when she entered she saw okra.,okra,vegetable,2.49,-0.3326190216294729,1
Once upon a time there was a girl named Lila. In her house there was a magical room that contained vegetables and when she entered she saw a radish.,radish,vegetable,2.51,-0.3157240871975,1
Once upon a time there was a girl named Lila. In her house there was a magical room that contained vegetables and when she entered she saw an onion.,onion,vegetable,2.52,-0.30727661998151323,1
Once upon a time there was a girl named Lila. In her house there was a magical room that contained vegetables and when she entered she saw a bean.,bean,vegetable,2.54,-0.29038168554953997,1
Once upon a time there was a girl named Lila. In her house there was a magical room that contained vegetables and when she entered she saw a green onion.,green onion,vegetable,2.6,-0.2396968822536202,1
Once upon a time there was a girl named Lila. In her house there was a magical room that contained vegetables and when she entered she saw a potato.,potato,vegetable,2.89,0.005279667009991711,1
Once upon a time there was a girl named Lila. In her house there was a magical room that contained vegetables and when she entered she saw a parsnip.,parsnip,vegetable,2.91,0.02217460144196496,1
Once upon a time there was a girl named Lila. In her house there was a magical room that contained vegetables and when she entered she saw turnip greens.,turnip greens,vegetable,2.95,0.05596447030591146,1
Once upon a time there was a girl named Lila. In her house there was a magical room that contained vegetables and when she entered she saw collards.,collards,vegetable,2.99,0.08975433916985796,1
Once upon a time there was a girl named Lila. In her house there was a magical room that contained vegetables and when she entered she saw a wax bean.,wax bean,vegetable,3.02,0.11509674081781765,1
Once upon a time there was a girl named Lila. In her house there was a magical room that contained vegetables and when she entered she saw watercress.,watercress,vegetable,3.04,0.13199167524979089,1
Once upon a time there was a girl named Lila. In her house there was a magical room that contained vegetables and when she entered she saw a black eyed pea.,black eyed pea,vegetable,3.06,0.14888660968176415,1
Once upon a time there was a girl named Lila. In her house there was a magical room that contained vegetables and when she entered she saw a leek.,leek,vegetable,3.15,0.22491381462564358,1
Once upon a time there was a girl named Lila. In her house there was a magical room that contained vegetables and when she entered she saw a pepper.,pepper,vegetable,3.21,0.2755986179215633,1
Once upon a time there was a girl named Lila. In her house there was a magical room that contained vegetables and when she entered she saw a sweet potato.,sweet potato,vegetable,3.27,0.32628342121748305,1
Once upon a time there was a girl named Lila. In her house there was a magical room that contained vegetables and when she entered she saw a yam.,yam,vegetable,3.31,0.3600732900814296,1
Once upon a time there was a girl named Lila. In her house there was a magical room that contained vegetables and when she entered she saw parsley.,parsley,vegetable,3.32,0.368520757297416,1
Once upon a time there was a girl named Lila. In her house there was a magical room that contained vegetables and when she entered she saw an endive.,endive,vegetable,3.39,0.4276530278093226,1
Once upon a time there was a girl named Lila. In her house there was a magical room that contained vegetables and when she entered she saw a rutabaga.,rutabaga,vegetable,3.42,0.4529954294572823,1
Once upon a time there was a girl named Lila. In her house there was a magical room that contained vegetables and when she entered she saw a mushroom.,mushroom,vegetable,3.56,0.571259970481095,1
Once upon a time there was a girl named Lila. In her house there was a magical room that contained vegetables and when she entered she saw an avocado.,avocado,vegetable,3.62,0.6219447737770147,1
Once upon a time there was a girl named Lila. In her house there was a magical room that contained vegetables and when she entered she saw rhubarb.,rhubarb,vegetable,3.66,0.6557346426409613,1
Once upon a time there was a girl named Lila. In her house there was a magical room that contained vegetables and when she entered she saw kale.,kale,vegetable,3.67,0.6641821098569477,1
Once upon a time there was a girl named Lila. In her house there was a magical room that contained vegetables and when she entered she saw escarole.,escarole,vegetable,3.9,0.8584738558246399,1
Once upon a time there was a girl named Lila. In her house there was a magical room that contained vegetables and when she entered she saw sauerkraut.,sauerkraut,vegetable,4.18,1.095002937872265,1
Once upon a time there was a girl named Lila. In her house there was a magical room that contained vegetables and when she entered she saw a pickle.,pickle,vegetable,4.57,1.4244541592957436,1
Once upon a time there was a girl named Lila. In her house there was a magical room that contained vegetables and when she entered she saw baked beans.,baked beans,vegetable,4.73,1.5596136347515295,1
Once upon a time there was a girl named Lila. In her house there was a magical room that contained vegetables and when she entered she saw a pumpkin.,pumpkin,vegetable,4.74,1.568061101967516,1
Once upon a time there was a girl named Lila. In her house there was a magical room that contained vegetables and when she entered she saw seaweed.,seaweed,vegetable,5.04,1.8214851184471144,1
Once upon a time there was a girl named Lila. In her house there was a magical room that contained vegetables and when she entered she saw garlic.,garlic,vegetable,5.07,1.8468275200950743,1
Once upon a time there was a girl named Lila. In her house there was a magical room that contained vegetables and when she entered she saw a dandelion.,dandelion,vegetable,5.2,1.9566445939029002,1
Once upon a time there was a girl named Lila. In her house there was a magical room that contained vegetables and when she entered she saw a peanut.,peanut,vegetable,5.56,2.260753413678418,1
Once upon a time there was a girl named Lila. In her house there was a magical room that contained vegetables and when she entered she saw rice.,rice,vegetable,5.59,2.286095815326378,1
Once upon a time there was a girl named Lila. In her house there was a magical room that contained tools and when she entered she saw a saw.,saw,tool,1.04,-1.787317835801215,1
Once upon a time there was a girl named Lila. In her house there was a magical room that contained tools and when she entered she saw a hammer.,hammer,tool,1.34,-1.5272392501551206,1
Once upon a time there was a girl named Lila. In her house there was a magical room that contained tools and when she entered she saw a ruler.,ruler,tool,1.48,-1.4058692435202766,1
Once upon a time there was a girl named Lila. In her house there was a magical room that contained tools and when she entered she saw a screwdriver.,screwdriver,tool,1.56,-1.3365149540146515,1
Once upon a time there was a girl named Lila. In her house there was a magical room that contained tools and when she entered she saw a drill.,drill,tool,1.59,-1.310507095450042,1
Once upon a time there was a girl named Lila. In her house there was a magical room that contained tools and when she entered she saw a nail.,nail,tool,1.67,-1.241152805944417,1
Once upon a time there was a girl named Lila. In her house there was a magical room that contained tools and when she entered she saw a tape measure.,tape measure,tool,1.69,-1.2238142335680107,1
Once upon a time there was a girl named Lila. In her house there was a magical room that contained tools and when she entered she saw a sawhorse.,sawhorse,tool,1.77,-1.1544599440623855,1
Once upon a time there was a girl named Lila. In her house there was a magical room that contained tools and when she entered she saw sandpaper.,sandpaper,tool,1.78,-1.1457906578741823,1
Once upon a time there was a girl named Lila. In her house there was a magical room that contained tools and when she entered she saw a sander.,sander,tool,1.79,-1.1371213716859792,1
Once upon a time there was a girl named Lila. In her house there was a magical room that contained tools and when she entered she saw a level.,level,tool,1.82,-1.1111135131213696,1
Once upon a time there was a girl named Lila. In her house there was a magical room that contained tools and when she entered she saw a plane.,plane,tool,1.91,-1.0330899374275415,1
Once upon a time there was a girl named Lila. In her house there was a magical room that contained tools and when she entered she saw a file.,file,tool,2.01,-0.9463970755455101,1
Once upon a time there was a girl named Lila. In her house there was a magical room that contained tools and when she entered she saw a toolbox.,toolbox,tool,2.12,-0.8510349274752752,1
Once upon a time there was a girl named Lila. In her house there was a magical room that contained tools and when she entered she saw a T-square.,T-square,tool,2.22,-0.7643420655932437,1
Once upon a time there was a girl named Lila. In her house there was a magical room that contained tools and when she entered she saw a chisel.,chisel,tool,2.26,-0.7296649208404316,1
Once upon a time there was a girl named Lila. In her house there was a magical room that contained tools and when she entered she saw a rasp.,rasp,tool,2.37,-0.6343027727701966,1
Once upon a time there was a girl named Lila. In her house there was a magical room that contained tools and when she entered she saw a pencil.,pencil,tool,2.39,-0.6169642003937903,1
Once upon a time there was a girl named Lila. In her house there was a magical room that contained tools and when she entered she saw a hacksaw.,hacksaw,tool,2.41,-0.5996256280173841,1
Once upon a time there was a girl named Lila. In her house there was a magical room that contained tools and when she entered she saw a square.,square,tool,2.44,-0.5736177694527748,1
Once upon a time there was a girl named Lila. In her house there was a magical room that contained tools and when she entered she saw a bench.,bench,tool,2.5,-0.5216020523235558,1
Once upon a time there was a girl named Lila. In her house there was a magical room that contained tools and when she entered she saw pliers.,pliers,tool,2.59,-0.44357847662972766,1
Once upon a time there was a girl named Lila. In her house there was a magical room that contained tools and when she entered she saw a wrench.,wrench,tool,2.6,-0.4349091904415243,1
Once upon a time there was a girl named Lila. In her house there was a magical room that contained tools and when she entered she saw a ladder.,ladder,tool,2.64,-0.4002320456887117,1
Once upon a time there was a girl named Lila. In her house there was a magical room that contained tools and when she entered she saw a lathe.,lathe,tool,2.75,-0.3048698976184772,1
Once upon a time there was a girl named Lila. In her house there was a magical room that contained tools and when she entered she saw a vise.,vise,tool,2.76,-0.2962006114302742,1
Once upon a time there was a girl named Lila. In her house there was a magical room that contained tools and when she entered she saw a screw.,screw,tool,2.77,-0.28753132524207087,1
Once upon a time there was a girl named Lila. In her house there was a magical room that contained tools and when she entered she saw wood.,wood,tool,2.77,-0.28753132524207087,1
Once upon a time there was a girl named Lila. In her house there was a magical room that contained tools and when she entered she saw a wedge.,wedge,tool,2.8,-0.2615234666774616,1
Once upon a time there was a girl named Lila. In her house there was a magical room that contained tools and when she entered she saw lumber.,lumber,tool,2.84,-0.226846321924649,1
Once upon a time there was a girl named Lila. In her house there was a magical room that contained tools and when she entered she saw a blueprint.,blueprint,tool,2.9,-0.17483060479543008,1
Once upon a time there was a girl named Lila. In her house there was a magical room that contained tools and when she entered she saw a brace.,brace,tool,2.92,-0.1574920324190238,1
Once upon a time there was a girl named Lila. In her house there was a magical room that contained tools and when she entered she saw an awl.,awl,tool,3.09,-0.010114167219570378,1
Once upon a time there was a girl named Lila. In her house there was a magical room that contained tools and when she entered she saw a crowbar.,crowbar,tool,3.12,0.015893691345039273,1
Once upon a time there was a girl named Lila. In her house there was a magical room that contained tools and when she entered she saw a hinge.,hinge,tool,3.12,0.015893691345039273,1
Once upon a time there was a girl named Lila. In her house there was a magical room that contained tools and when she entered she saw a miter box.,miter box,tool,3.23,0.11125583941527377,1
Once upon a time there was a girl named Lila. In her house there was a magical room that contained tools and when she entered she saw a knife.,knife,tool,3.44,0.29331084936753976,1
Once upon a time there was a girl named Lila. In her house there was a magical room that contained tools and when she entered she saw chalk.,chalk,tool,3.5,0.3453265664967587,1
Once upon a time there was a girl named Lila. In her house there was a magical room that contained tools and when she entered she saw a nut.,nut,tool,3.5,0.3453265664967587,1
Once upon a time there was a girl named Lila. In her house there was a magical room that contained tools and when she entered she saw a bolt.,bolt,tool,3.63,0.4580272869433995,1
Once upon a time there was a girl named Lila. In her house there was a magical room that contained tools and when she entered she saw a plumb line.,plumb line,tool,3.65,0.4753658593198058,1
Once upon a time there was a girl named Lila. In her house there was a magical room that contained tools and when she entered she saw a brush.,brush,tool,3.74,0.5533894350136344,1
Once upon a time there was a girl named Lila. In her house there was a magical room that contained tools and when she entered she saw a sledge hammer.,sledge hammer,tool,3.74,0.5533894350136344,1
Once upon a time there was a girl named Lila. In her house there was a magical room that contained tools and when she entered she saw glue.,glue,tool,3.79,0.59673586595465,1
Once upon a time there was a girl named Lila. In her house there was a magical room that contained tools and when she entered she saw a paintbrush.,paintbrush,tool,3.81,0.6140744383310562,1
Once upon a time there was a girl named Lila. In her house there was a magical room that contained tools and when she entered she saw varnish.,varnish,tool,3.91,0.7007673002130878,1
Once upon a time there was a girl named Lila. In her house there was a magical room that contained tools and when she entered she saw an apron.,apron,tool,4.06,0.8308065930361345,1
Once upon a time there was a girl named Lila. In her house there was a magical room that contained tools and when she entered she saw a stapler.,stapler,tool,4.21,0.960845885859182,1
Once upon a time there was a girl named Lila. In her house there was a magical room that contained tools and when she entered she saw an extension cord.,extension cord,tool,4.29,1.0302001753648071,1
Once upon a time there was a girl named Lila. In her house there was a magical room that contained tools and when she entered she saw a soldering iron.,soldering iron,tool,4.39,1.1168930372468384,1
Once upon a time there was a girl named Lila. In her house there was a magical room that contained tools and when she entered she saw plaster.,plaster,tool,4.43,1.1515701819996509,1
Once upon a time there was a girl named Lila. In her house there was a magical room that contained tools and when she entered she saw a wheelbarrow.,wheelbarrow,tool,4.43,1.1515701819996509,1
Once upon a time there was a girl named Lila. In her house there was a magical room that contained tools and when she entered she saw an axe.,axe,tool,4.53,1.2382630438816828,1
Once upon a time there was a girl named Lila. In her house there was a magical room that contained tools and when she entered she saw a slide rule.,slide rule,tool,4.57,1.2729401886344955,1
Once upon a time there was a girl named Lila. In her house there was a magical room that contained tools and when she entered she saw cement.,cement,tool,4.91,1.5676959190334023,1
Once upon a time there was a girl named Lila. In her house there was a magical room that contained tools and when she entered she saw an anvil.,anvil,tool,5.1,1.7324123566092617,1
Once upon a time there was a girl named Lila. In her house there was a magical room that contained tools and when she entered she saw a hatchet.,hatchet,tool,5.15,1.775758787550278,1
Once upon a time there was a girl named Lila. In her house there was a magical room that contained tools and when she entered she saw a rag.,rag,tool,5.2,1.8191052184912935,1
Once upon a time there was a girl named Lila. In her house there was a magical room that contained tools and when she entered she saw scissors.,scissors,tool,5.36,1.957813797502544,1
Once upon a time there was a girl named Lila. In her house there was a magical room that contained tools and when she entered she saw a crane.,crane,tool,5.7,2.252569527901451,1
Once upon a time there was a girl named Lila. In her house there was a magical room that contained fruits and when she entered she saw an orange.,orange,fruit,1.07,-1.2142799295059512,1
Once upon a time there was a girl named Lila. In her house there was a magical room that contained fruits and when she entered she saw an apple.,apple,fruit,1.08,-1.2078115488495063,1
Once upon a time there was a girl named Lila. In her house there was a magical room that contained fruits and when she entered she saw a banana.,banana,fruit,1.15,-1.162532884254392,1
Once upon a time there was a girl named Lila. In her house there was a magical room that contained fruits and when she entered she saw a peach.,peach,fruit,1.17,-1.1495961229415022,1
Once upon a time there was a girl named Lila. In her house there was a magical room that contained fruits and when she entered she saw a pear.,pear,fruit,1.18,-1.1431277422850572,1
Once upon a time there was a girl named Lila. In her house there was a magical room that contained fruits and when she entered she saw an apricot.,apricot,fruit,1.36,-1.026696890469049,1
Once upon a time there was a girl named Lila. In her house there was a magical room that contained fruits and when she entered she saw a tangerine.,tangerine,fruit,1.36,-1.026696890469049,1
Once upon a time there was a girl named Lila. In her house there was a magical room that contained fruits and when she entered she saw a plum.,plum,fruit,1.37,-1.020228509812604,1
Once upon a time there was a girl named Lila. In her house there was a magical room that contained fruits and when she entered she saw a grape.,grape,fruit,1.38,-1.0137601291561593,1
Once upon a time there was a girl named Lila. In her house there was a magical room that contained fruits and when she entered she saw a nectarine.,nectarine,fruit,1.52,-0.9232027999659306,1
Once upon a time there was a girl named Lila. In her house there was a magical room that contained fruits and when she entered she saw a strawberry.,strawberry,fruit,1.61,-0.8649873740579264,1
Once upon a time there was a girl named Lila. In her house there was a magical room that contained fruits and when she entered she saw a grapefruit.,grapefruit,fruit,1.77,-0.761493283554808,1
Once upon a time there was a girl named Lila. In her house there was a magical room that contained fruits and when she entered she saw a berry.,berry,fruit,1.82,-0.7291513802725834,1
Once upon a time there was a girl named Lila. In her house there was a magical room that contained fruits and when she entered she saw a cherry.,cherry,fruit,1.86,-0.7032778576468038,1
Once upon a time there was a girl named Lila. In her house there was a magical room that contained fruits and when she entered she saw a pineapple.,pineapple,fruit,1.91,-0.6709359543645794,1
Once upon a time there was a girl named Lila. In her house there was a magical room that contained fruits and when she entered she saw a blackberry.,blackberry,fruit,2.05,-0.5803786251743509,1
Once upon a time there was a girl named Lila. In her house there was a magical room that contained fruits and when she entered she saw a melon.,melon,fruit,2.09,-0.5545051025485712,1
Once upon a time there was a girl named Lila. In her house there was a magical room that contained fruits and when she entered she saw a blueberry.,blueberry,fruit,2.14,-0.5221631992663466,1
Once upon a time there was a girl named Lila. In her house there was a magical room that contained fruits and when she entered she saw a raspberry.,raspberry,fruit,2.15,-0.5156948186099017,1
Once upon a time there was a girl named Lila. In her house there was a magical room that contained fruits and when she entered she saw a lemon.,lemon,fruit,2.16,-0.5092264379534567,1
Once upon a time there was a girl named Lila. In her house there was a magical room that contained fruits and when she entered she saw a black raspberry.,black raspberry,fruit,2.21,-0.4768845346712323,1
Once upon a time there was a girl named Lila. In her house there was a magical room that contained fruits and when she entered she saw a boysenberry.,boysenberry,fruit,2.38,-0.36692206351166906,1
Once upon a time there was a girl named Lila. In her house there was a magical room that contained fruits and when she entered she saw a watermelon.,watermelon,fruit,2.39,-0.360453682855224,1
Once upon a time there was a girl named Lila. In her house there was a magical room that contained fruits and when she entered she saw a cantaloupe.,cantaloupe,fruit,2.44,-0.3281117795729996,1
Once upon a time there was a girl named Lila. In her house there was a magical room that contained fruits and when she entered she saw a lime.,lime,fruit,2.45,-0.3216433989165545,1
Once upon a time there was a girl named Lila. In her house there was a magical room that contained fruits and when she entered she saw a tangelo.,tangelo,fruit,2.5,-0.28930149563433016,1
Once upon a time there was a girl named Lila. In her house there was a magical room that contained fruits and when she entered she saw a papaya.,papaya,fruit,2.58,-0.23755445038277087,1
Once upon a time there was a girl named Lila. In her house there was a magical room that contained fruits and when she entered she saw a honeydew.,honeydew,fruit,2.73,-0.1405287405360974,1
Once upon a time there was a girl named Lila. In her house there was a magical room that contained fruits and when she entered she saw a fig.,fig,fruit,2.86,-0.056439792002313735,1
Once upon a time there was a girl named Lila. In her house there was a magical room that contained fruits and when she entered she saw a mango.,mango,fruit,2.88,-0.04350303068942392,1
Once upon a time there was a girl named Lila. In her house there was a magical room that contained fruits and when she entered she saw a guava.,guava,fruit,3.03,0.05352267915724956,1
Once upon a time there was a girl named Lila. In her house there was a magical room that contained fruits and when she entered she saw a pomegranate.,pomegranate,fruit,3.05,0.06645944047013937,1
Once upon a time there was a girl named Lila. In her house there was a magical room that contained fruits and when she entered she saw a cranberry.,cranberry,fruit,3.22,0.17642191162970294,1
Once upon a time there was a girl named Lila. In her house there was a magical room that contained fruits and when she entered she saw a passion fruit.,passion fruit,fruit,3.22,0.17642191162970294,1
Once upon a time there was a girl named Lila. In her house there was a magical room that contained fruits and when she entered she saw a prune.,prune,fruit,3.3,0.22816895688126193,1
Once upon a time there was a girl named Lila. In her house there was a magical room that contained fruits and when she entered she saw a gooseberry.,gooseberry,fruit,3.33,0.2475740988505968,1
Once upon a time there was a girl named Lila. In her house there was a magical room that contained fruits and when she entered she saw a date.,date,fruit,3.35,0.2605108601634866,1
Once upon a time there was a girl named Lila. In her house there was a magical room that contained fruits and when she entered she saw a kumquat.,kumquat,fruit,3.39,0.28638438278926626,1
Once upon a time there was a girl named Lila. In her house there was a magical room that contained fruits and when she entered she saw a raisin.,raisin,fruit,3.42,0.30578952475860083,1
Once upon a time there was a girl named Lila. In her house there was a magical room that contained fruits and when she entered she saw a muskmelon.,muskmelon,fruit,3.48,0.3445998086972703,1
Once upon a time there was a girl named Lila. In her house there was a magical room that contained fruits and when she entered she saw a persimmon.,persimmon,fruit,3.63,0.4416255185439438,1
Once upon a time there was a girl named Lila. In her house there was a magical room that contained fruits and when she entered she saw a pawpaw.,pawpaw,fruit,4.3,0.8750070225257521,1
Once upon a time there was a girl named Lila. In her house there was a magical room that contained fruits and when she entered she saw a coconut.,coconut,fruit,4.5,1.0043746356546503,1
Once upon a time there was a girl named Lila. In her house there was a magical room that contained fruits and when she entered she saw an avocado.,avocado,fruit,5.37,1.567123752765357,1
Once upon a time there was a girl named Lila. In her house there was a magical room that contained fruits and when she entered she saw a pumpkin.,pumpkin,fruit,5.39,1.5800605140782464,1
Once upon a time there was a girl named Lila. In her house there was a magical room that contained fruits and when she entered she saw a tomato.,tomato,fruit,5.58,1.7029597465506998,1
Once upon a time there was a girl named Lila. In her house there was a magical room that contained fruits and when she entered she saw a nut.,nut,fruit,6.01,1.9811001147778304,1
Once upon a time there was a girl named Lila. In her house there was a magical room that contained fruits and when she entered she saw a gourd.,gourd,fruit,6.02,1.9875684954342752,1
Once upon a time there was a girl named Lila. In her house there was a magical room that contained fruits and when she entered she saw an olive.,olive,fruit,6.21,2.1104677279067285,1
Once upon a time there was a girl named Lila. In her house there was a magical room that contained fruits and when she entered she saw a pickle.,pickle,fruit,6.34,2.1945566764405124,1
Once upon a time there was a girl named Lila. In her house there was a magical room that contained fruits and when she entered she saw a squash.,squash,fruit,6.55,2.330392670225855,1
Once upon a time there was a girl named Lila. In her house there was a magical room that contained clothing and when she entered she saw pants.,pants,clothing,1.12,-1.3461768155449565,1
Once upon a time there was a girl named Lila. In her house there was a magical room that contained clothing and when she entered she saw a shirt.,shirt,clothing,1.14,-1.3339256821197938,1
Once upon a time there was a girl named Lila. In her house there was a magical room that contained clothing and when she entered she saw a dress.,dress,clothing,1.14,-1.3339256821197938,1
Once upon a time there was a girl named Lila. In her house there was a magical room that contained clothing and when she entered she saw a skirt.,skirt,clothing,1.21,-1.291046715131723,1
Once upon a time there was a girl named Lila. In her house there was a magical room that contained clothing and when she entered she saw a blouse.,blouse,clothing,1.27,-1.254293314856234,1
Once upon a time there was a girl named Lila. In her house there was a magical room that contained clothing and when she entered she saw a suit.,suit,clothing,1.45,-1.144033114029767,1
Once upon a time there was a girl named Lila. In her house there was a magical room that contained clothing and when she entered she saw slacks.,slacks,clothing,1.49,-1.1195308471794412,1
Once upon a time there was a girl named Lila. In her house there was a magical room that contained clothing and when she entered she saw a jacket.,jacket,clothing,1.68,-1.0031450796403927,1
Once upon a time there was a girl named Lila. In her house there was a magical room that contained clothing and when she entered she saw a coat.,coat,clothing,1.88,-0.8806337453887627,1
Once upon a time there was a girl named Lila. In her house there was a magical room that contained clothing and when she entered she saw a sweater.,sweater,clothing,1.89,-0.8745081786761812,1
Once upon a time there was a girl named Lila. In her house there was a magical room that contained clothing and when she entered she saw a sweatshirt.,sweatshirt,clothing,1.95,-0.8377547784006922,1
Once upon a time there was a girl named Lila. In her house there was a magical room that contained clothing and when she entered she saw underpants.,underpants,clothing,2.01,-0.8010013781252033,1
Once upon a time there was a girl named Lila. In her house there was a magical room that contained clothing and when she entered she saw a sports jacket.,sports jacket,clothing,2.05,-0.7764991112748773,1
Once upon a time there was a girl named Lila. In her house there was a magical room that contained clothing and when she entered she saw a jumper.,jumper,clothing,2.08,-0.7581224111371326,1
Once upon a time there was a girl named Lila. In her house there was a magical room that contained clothing and when she entered she saw panties.,panties,clothing,2.08,-0.7581224111371326,1
Once upon a time there was a girl named Lila. In her house there was a magical room that contained clothing and when she entered she saw a sock.,sock,clothing,2.13,-0.7274945775742253,1
Once upon a time there was a girl named Lila. In her house there was a magical room that contained clothing and when she entered she saw a parka.,parka,clothing,2.19,-0.6907411772987363,1
Once upon a time there was a girl named Lila. In her house there was a magical room that contained clothing and when she entered she saw pajamas.,pajamas,clothing,2.25,-0.6539877770232472,1
Once upon a time there was a girl named Lila. In her house there was a magical room that contained clothing and when she entered she saw an undershirt.,undershirt,clothing,2.26,-0.6478622103106658,1
Once upon a time there was a girl named Lila. In her house there was a magical room that contained clothing and when she entered she saw an overcoat.,overcoat,clothing,2.29,-0.6294855101729212,1
Once upon a time there was a girl named Lila. In her house there was a magical room that contained clothing and when she entered she saw a nightgown.,nightgown,clothing,2.39,-0.5682298430471062,1
Once upon a time there was a girl named Lila. In her house there was a magical room that contained clothing and when she entered she saw a raincoat.,raincoat,clothing,2.44,-0.5376020094841988,1
Once upon a time there was a girl named Lila. In her house there was a magical room that contained clothing and when she entered she saw a bathing suit.,bathing suit,clothing,2.44,-0.5376020094841988,1
Once upon a time there was a girl named Lila. In her house there was a magical room that contained clothing and when she entered she saw a bathrobe.,bathrobe,clothing,2.65,-0.40896510851998735,1
Once upon a time there was a girl named Lila. In her house there was a magical room that contained clothing and when she entered she saw a slip.,slip,clothing,2.67,-0.39671397509482437,1
Once upon a time there was a girl named Lila. In her house there was a magical room that contained clothing and when she entered she saw a bra.,bra,clothing,2.68,-0.39058840838224274,1
Once upon a time there was a girl named Lila. In her house there was a magical room that contained clothing and when she entered she saw a shoe.,shoe,clothing,2.73,-0.3599605748193353,1
Once upon a time there was a girl named Lila. In her house there was a magical room that contained clothing and when she entered she saw a tuxedo.,tuxedo,clothing,2.76,-0.34158387468159096,1
Once upon a time there was a girl named Lila. In her house there was a magical room that contained clothing and when she entered she saw a stocking.,stocking,clothing,2.79,-0.3232071745438463,1
Once upon a time there was a girl named Lila. In her house there was a magical room that contained clothing and when she entered she saw a vest.,vest,clothing,2.81,-0.3109560411186833,1
Once upon a time there was a girl named Lila. In her house there was a magical room that contained clothing and when she entered she saw nylons.,nylons,clothing,2.98,-0.20682140700479787,1
Once upon a time there was a girl named Lila. In her house there was a magical room that contained clothing and when she entered she saw a cape.,cape,clothing,3.38,0.038201261498462,1
Once upon a time there was a girl named Lila. In her house there was a magical room that contained clothing and when she entered she saw a boot.,boot,clothing,3.42,0.06270352834878802,1
Once upon a time there was a girl named Lila. In her house there was a magical room that contained clothing and when she entered she saw a sandal.,sandal,clothing,3.56,0.14846146232492907,1
Once upon a time there was a girl named Lila. In her house there was a magical room that contained clothing and when she entered she saw a tie.,tie,clothing,3.71,0.2403449630136515,1
Once upon a time there was a girl named Lila. In her house there was a magical room that contained clothing and when she entered she saw a girdle.,girdle,clothing,3.72,0.24647052972623312,1
Once upon a time there was a girl named Lila. In her house there was a magical room that contained clothing and when she entered she saw a belt.,belt,clothing,3.93,0.37510743069044455,1
Once upon a time there was a girl named Lila. In her house there was a magical room that contained clothing and when she entered she saw a scarf.,scarf,clothing,3.96,0.39348413082818895,1
Once upon a time there was a girl named Lila. In her house there was a magical room that contained clothing and when she entered she saw a mitten.,mitten,clothing,3.99,0.41186083096593357,1
Once upon a time there was a girl named Lila. In her house there was a magical room that contained clothing and when she entered she saw a slipper.,slipper,clothing,4.08,0.466990931379167,1
Once upon a time there was a girl named Lila. In her house there was a magical room that contained clothing and when she entered she saw a hat.,hat,clothing,4.2,0.540497731930145,1
Once upon a time there was a girl named Lila. In her house there was a magical room that contained clothing and when she entered she saw an overshoe.,overshoe,clothing,4.42,0.6752601996069378,1
Once upon a time there was a girl named Lila. In her house there was a magical room that contained clothing and when she entered she saw a glove.,glove,clothing,4.53,0.7426414334453345,1
Once upon a time there was a girl named Lila. In her house there was a magical room that contained clothing and when she entered she saw an apron.,apron,clothing,4.57,0.7671437002956605,1
Once upon a time there was a girl named Lila. In her house there was a magical room that contained clothing and when she entered she saw earmuffs.,earmuffs,clothing,5.04,1.055045335786991,1
Once upon a time there was a girl named Lila. In her house there was a magical room that contained clothing and when she entered she saw a handkerchief.,handkerchief,clothing,5.87,1.5634673729312552,1
Once upon a time there was a girl named Lila. In her house there was a magical room that contained clothing and when she entered she saw a purse.,purse,clothing,5.92,1.5940952064941625,1
Once upon a time there was a girl named Lila. In her house there was a magical room that contained clothing and when she entered she saw a hairband.,hairband,clothing,5.98,1.630848606769652,1
Once upon a time there was a girl named Lila. In her house there was a magical room that contained clothing and when she entered she saw a ring.,ring,clothing,6.11,1.7104809740332112,1
Once upon a time there was a girl named Lila. In her house there was a magical room that contained clothing and when she entered she saw an earring.,earring,clothing,6.15,1.7349832408835373,1
Once upon a time there was a girl named Lila. In her house there was a magical room that contained clothing and when she entered she saw a watch.,watch,clothing,6.15,1.7349832408835373,1
Once upon a time there was a girl named Lila. In her house there was a magical room that contained clothing and when she entered she saw a cuff link.,cuff link,clothing,6.18,1.7533599410212815,1
Once upon a time there was a girl named Lila. In her house there was a magical room that contained clothing and when she entered she saw a necklace.,necklace,clothing,6.21,1.771736641159026,1
Once upon a time there was a girl named Lila. In her house there was a magical room that contained clothing and when she entered she saw a bracelet.,bracelet,clothing,6.24,1.7901133412967707,1
Once upon a time there was a girl named Lila. In her house there was a magical room that contained clothing and when she entered she saw a cane.,cane,clothing,6.25,1.7962389080093522,1
Once upon a time there was a girl named Lila. In her house there was a magical room that contained vehicles and when she entered she saw an automobile.,automobile,vehicle,1.02,-1.6017112384413312,1
Once upon a time there was a girl named Lila. In her house there was a magical room that contained vehicles and when she entered she saw a station wagon.,station wagon,vehicle,1.14,-1.5179105109330653,1
Once upon a time there was a girl named Lila. In her house there was a magical room that contained vehicles and when she entered she saw a truck.,truck,vehicle,1.17,-1.4969603290559985,1
Once upon a time there was a girl named Lila. In her house there was a magical room that contained vehicles and when she entered she saw a car.,car,vehicle,1.24,-1.448076571342843,1
Once upon a time there was a girl named Lila. In her house there was a magical room that contained vehicles and when she entered she saw a bus.,bus,vehicle,1.27,-1.4271263894657764,1
Once upon a time there was a girl named Lila. In her house there was a magical room that contained vehicles and when she entered she saw a taxi.,taxi,vehicle,1.27,-1.4271263894657764,1
Once upon a time there was a girl named Lila. In her house there was a magical room that contained vehicles and when she entered she saw a jeep.,jeep,vehicle,1.35,-1.3712592377935988,1
Once upon a time there was a girl named Lila. In her house there was a magical room that contained vehicles and when she entered she saw an ambulance.,ambulance,vehicle,1.62,-1.1827076008999995,1
Once upon a time there was a girl named Lila. In her house there was a magical room that contained vehicles and when she entered she saw a motorcycle.,motorcycle,vehicle,1.65,-1.161757419022933,1
Once upon a time there was a girl named Lila. In her house there was a magical room that contained vehicles and when she entered she saw a streetcar.,streetcar,vehicle,1.9,-0.987172570047378,1
Once upon a time there was a girl named Lila. In her house there was a magical room that contained vehicles and when she entered she saw a van.,van,vehicle,1.95,-0.952255600252267,1
Once upon a time there was a girl named Lila. In her house there was a magical room that contained vehicles and when she entered she saw a Honda.,Honda,vehicle,2.03,-0.8963884485800895,1
Once upon a time there was a girl named Lila. In her house there was a magical room that contained vehicles and when she entered she saw a cable car.,cable car,vehicle,2.11,-0.8405212969079119,1
Once upon a time there was a girl named Lila. In her house there was a magical room that contained vehicles and when she entered she saw a train.,train,vehicle,2.15,-0.8125877210718231,1
Once upon a time there was a girl named Lila. In her house there was a magical room that contained vehicles and when she entered she saw a trolley.,trolley,vehicle,2.19,-0.7846541452357343,1
Once upon a time there was a girl named Lila. In her house there was a magical room that contained vehicles and when she entered she saw a bicycle.,bicycle,vehicle,2.51,-0.561185538547024,1
Once upon a time there was a girl named Lila. In her house there was a magical room that contained vehicles and when she entered she saw a carriage.,carriage,vehicle,2.59,-0.5053183868748464,1
Once upon a time there was a girl named Lila. In her house there was a magical room that contained vehicles and when she entered she saw an airplane.,airplane,vehicle,2.64,-0.4704014170797352,1
Once upon a time there was a girl named Lila. In her house there was a magical room that contained vehicles and when she entered she saw a bike.,bike,vehicle,2.73,-0.4075508714485355,1
Once upon a time there was a girl named Lila. In her house there was a magical room that contained vehicles and when she entered she saw a boat.,boat,vehicle,2.75,-0.3935840835304911,1
Once upon a time there was a girl named Lila. In her house there was a magical room that contained vehicles and when she entered she saw a jet.,jet,vehicle,2.79,-0.3656505076944023,1
Once upon a time there was a girl named Lila. In her house there was a magical room that contained vehicles and when she entered she saw a ship.,ship,vehicle,2.82,-0.34470032581733584,1
Once upon a time there was a girl named Lila. In her house there was a magical room that contained vehicles and when she entered she saw a scooter.,scooter,vehicle,3.24,-0.0513977795384033,1
Once upon a time there was a girl named Lila. In her house there was a magical room that contained vehicles and when she entered she saw a tractor.,tractor,vehicle,3.3,-0.009497415784270383,1
Once upon a time there was a girl named Lila. In her house there was a magical room that contained vehicles and when she entered she saw a wagon.,wagon,vehicle,3.31,-0.0025140218252480244,1
Once upon a time there was a girl named Lila. In her house there was a magical room that contained vehicles and when she entered she saw a subway.,subway,vehicle,3.32,0.004469372133774024,1
Once upon a time there was a girl named Lila. In her house there was a magical room that contained vehicles and when she entered she saw a trailer.,trailer,vehicle,3.5,0.1301704633961737,1
Once upon a time there was a girl named Lila. In her house there was a magical room that contained vehicles and when she entered she saw a cart.,cart,vehicle,3.55,0.16508743319128455,1
Once upon a time there was a girl named Lila. In her house there was a magical room that contained vehicles and when she entered she saw a wheelchair.,wheelchair,vehicle,3.68,0.25587155465857336,1
Once upon a time there was a girl named Lila. In her house there was a magical room that contained vehicles and when she entered she saw a yacht.,yacht,vehicle,3.76,0.3117387063307507,1
Once upon a time there was a girl named Lila. In her house there was a magical room that contained vehicles and when she entered she saw a tank.,tank,vehicle,3.84,0.36760585800292833,1
Once upon a time there was a girl named Lila. In her house there was a magical room that contained vehicles and when she entered she saw a go-cart.,go-cart,vehicle,3.85,0.3745892519619507,1
Once upon a time there was a girl named Lila. In her house there was a magical room that contained vehicles and when she entered she saw a rowboat.,rowboat,vehicle,3.92,0.4234730096751059,1
Once upon a time there was a girl named Lila. In her house there was a magical room that contained vehicles and when she entered she saw a dogsled.,dogsled,vehicle,3.95,0.4444231915521727,1
Once upon a time there was a girl named Lila. In her house there was a magical room that contained vehicles and when she entered she saw a tricycle.,tricycle,vehicle,4.0,0.4793401613472836,1
Once upon a time there was a girl named Lila. In her house there was a magical room that contained vehicles and when she entered she saw a canoe.,canoe,vehicle,4.01,0.4863235553063056,1
Once upon a time there was a girl named Lila. In her house there was a magical room that contained vehicles and when she entered she saw a raft.,raft,vehicle,4.37,0.737725737831105,1
Once upon a time there was a girl named Lila. In her house there was a magical room that contained vehicles and when she entered she saw a submarine.,submarine,vehicle,4.51,0.8354932532574155,1
Once upon a time there was a girl named Lila. In her house there was a magical room that contained vehicles and when she entered she saw a sled.,sled,vehicle,4.61,0.9053271928476379,1
Once upon a time there was a girl named Lila. In her house there was a magical room that contained vehicles and when she entered she saw a horse.,horse,vehicle,4.63,0.9192939807656819,1
Once upon a time there was a girl named Lila. In her house there was a magical room that contained vehicles and when she entered she saw a rocket.,rocket,vehicle,4.74,0.9961113143149264,1
Once upon a time there was a girl named Lila. In her house there was a magical room that contained vehicles and when she entered she saw a blimp.,blimp,vehicle,4.81,1.0449950720280814,1
Once upon a time there was a girl named Lila. In her house there was a magical room that contained vehicles and when she entered she saw a skate.,skate,vehicle,4.99,1.1706961632904813,1
Once upon a time there was a girl named Lila. In her house there was a magical room that contained vehicles and when she entered she saw a camel.,camel,vehicle,5.22,1.3313142243479916,1
Once upon a time there was a girl named Lila. In her house there was a magical room that contained vehicles and when she entered she saw feet.,feet,vehicle,5.34,1.415114951856258,1
Once upon a time there was a girl named Lila. In her house there was a magical room that contained vehicles and when she entered she saw a ski.,ski,vehicle,5.4,1.4570153156103915,1
Once upon a time there was a girl named Lila. In her house there was a magical room that contained vehicles and when she entered she saw a skateboard.,skateboard,vehicle,5.54,1.554782831036702,1
Once upon a time there was a girl named Lila. In her house there was a magical room that contained vehicles and when she entered she saw a wheelbarrow.,wheelbarrow,vehicle,5.72,1.6804839222991015,1
Once upon a time there was a girl named Lila. In her house there was a magical room that contained vehicles and when she entered she saw a surfboard.,surfboard,vehicle,5.78,1.722384286053235,1
Once upon a time there was a girl named Lila. In her house there was a magical room that contained vehicles and when she entered she saw an elevator.,elevator,vehicle,5.9,1.8061850135615014,1
Once upon a time there was a girl named Lila. In her house there was a magical room that contained furniture and when she entered she saw a chair.,chair,furniture,1.04,-1.3115930176420418,1
Once upon a time there was a girl named Lila. In her house there was a magical room that contained furniture and when she entered she saw a sofa.,sofa,furniture,1.04,-1.3115930176420418,1
Once upon a time there was a girl named Lila. In her house there was a magical room that contained furniture and when she entered she saw a couch.,couch,furniture,1.1,-1.2773899400360198,1
Once upon a time there was a girl named Lila. In her house there was a magical room that contained furniture and when she entered she saw a table.,table,furniture,1.1,-1.2773899400360198,1
Once upon a time there was a girl named Lila. In her house there was a magical room that contained furniture and when she entered she saw an easy chair.,easy chair,furniture,1.33,-1.1462781425462683,1
Once upon a time there was a girl named Lila. In her house there was a magical room that contained furniture and when she entered she saw a dresser.,dresser,furniture,1.37,-1.1234760908089203,1
Once upon a time there was a girl named Lila. In her house there was a magical room that contained furniture and when she entered she saw a rocking chair.,rocking chair,furniture,1.37,-1.1234760908089203,1
Once upon a time there was a girl named Lila. In her house there was a magical room that contained furniture and when she entered she saw a coffee table.,coffee table,furniture,1.38,-1.1177755778745833,1
Once upon a time there was a girl named Lila. In her house there was a magical room that contained furniture and when she entered she saw a rocker.,rocker,furniture,1.42,-1.0949735261372353,1
Once upon a time there was a girl named Lila. In her house there was a magical room that contained furniture and when she entered she saw a love seat.,love seat,furniture,1.44,-1.0835725002685612,1
Once upon a time there was a girl named Lila. In her house there was a magical room that contained furniture and when she entered she saw a chest of drawers.,chest of drawers,furniture,1.48,-1.060770448531213,1
Once upon a time there was a girl named Lila. In her house there was a magical room that contained furniture and when she entered she saw a desk.,desk,furniture,1.54,-1.026567370925191,1
Once upon a time there was a girl named Lila. In her house there was a magical room that contained furniture and when she entered she saw a bed.,bed,furniture,1.58,-1.0037653191878428,1
Once upon a time there was a girl named Lila. In her house there was a magical room that contained furniture and when she entered she saw a bureau.,bureau,furniture,1.59,-0.9980648062535059,1
Once upon a time there was a girl named Lila. In her house there was a magical room that contained furniture and when she entered she saw a davenport.,davenport,furniture,1.61,-0.9866637803848318,1
Once upon a time there was a girl named Lila. In her house there was a magical room that contained furniture and when she entered she saw an end table.,end table,furniture,1.61,-0.9866637803848318,1
Once upon a time there was a girl named Lila. In her house there was a magical room that contained furniture and when she entered she saw a divan.,divan,furniture,1.7,-0.9353591639757988,1
Once upon a time there was a girl named Lila. In her house there was a magical room that contained furniture and when she entered she saw a night table.,night table,furniture,1.83,-0.8612524958294175,1
Once upon a time there was a girl named Lila. In her house there was a magical room that contained furniture and when she entered she saw a chest.,chest,furniture,1.98,-0.7757448018143623,1
Once upon a time there was a girl named Lila. In her house there was a magical room that contained furniture and when she entered she saw a cedar chest.,cedar chest,furniture,2.11,-0.7016381336679812,1
Once upon a time there was a girl named Lila. In her house there was a magical room that contained furniture and when she entered she saw a vanity.,vanity,furniture,2.13,-0.6902371077993071,1
Once upon a time there was a girl named Lila. In her house there was a magical room that contained furniture and when she entered she saw a bookcase.,bookcase,furniture,2.15,-0.678836081930633,1
Once upon a time there was a girl named Lila. In her house there was a magical room that contained furniture and when she entered she saw a lounge.,lounge,furniture,2.17,-0.6674350560619591,1
Once upon a time there was a girl named Lila. In her house there was a magical room that contained furniture and when she entered she saw a chaise lounge.,chaise lounge,furniture,2.26,-0.616130439652926,1
Once upon a time there was a girl named Lila. In her house there was a magical room that contained furniture and when she entered she saw an ottoman.,ottoman,furniture,2.43,-0.5192217197691965,1
Once upon a time there was a girl named Lila. In her house there was a magical room that contained furniture and when she entered she saw a footstool.,footstool,furniture,2.45,-0.5078206939005224,1
Once upon a time there was a girl named Lila. In her house there was a magical room that contained furniture and when she entered she saw a cabinet.,cabinet,furniture,2.49,-0.48501864216317436,1
Once upon a time there was a girl named Lila. In her house there was a magical room that contained furniture and when she entered she saw a china closet.,china closet,furniture,2.59,-0.4280135128198044,1
Once upon a time there was a girl named Lila. In her house there was a magical room that contained furniture and when she entered she saw a bench.,bench,furniture,2.77,-0.325404280001738,1
Once upon a time there was a girl named Lila. In her house there was a magical room that contained furniture and when she entered she saw a buffet.,buffet,furniture,2.89,-0.25699812478969375,1
Once upon a time there was a girl named Lila. In her house there was a magical room that contained furniture and when she entered she saw a lamp.,lamp,furniture,2.94,-0.22849556011800876,1
Once upon a time there was a girl named Lila. In her house there was a magical room that contained furniture and when she entered she saw a stool.,stool,furniture,3.13,-0.12018581436560548,1
Once upon a time there was a girl named Lila. In her house there was a magical room that contained furniture and when she entered she saw a hassock.,hassock,furniture,3.43,0.05082957366450516,1
Once upon a time there was a girl named Lila. In her house there was a magical room that contained furniture and when she entered she saw a drawer.,drawer,furniture,3.63,0.16483983235124533,1
Once upon a time there was a girl named Lila. In her house there was a magical room that contained furniture and when she entered she saw a piano.,piano,furniture,3.64,0.17054034528558248,1
Once upon a time there was a girl named Lila. In her house there was a magical room that contained furniture and when she entered she saw a cushion.,cushion,furniture,3.7,0.2047434228916046,1
Once upon a time there was a girl named Lila. In her house there was a magical room that contained furniture and when she entered she saw a magazine rack.,magazine rack,furniture,4.14,0.45556599200243303,1
Once upon a time there was a girl named Lila. In her house there was a magical room that contained furniture and when she entered she saw a hi-fi.,hi-fi,furniture,4.25,0.5182716342801404,1
Once upon a time there was a girl named Lila. In her house there was a magical room that contained furniture and when she entered she saw a cupboard.,cupboard,furniture,4.27,0.5296726601488142,1
Once upon a time there was a girl named Lila. In her house there was a magical room that contained furniture and when she entered she saw a stereo.,stereo,furniture,4.32,0.5581752248204997,1
Once upon a time there was a girl named Lila. In her house there was a magical room that contained furniture and when she entered she saw a mirror.,mirror,furniture,4.39,0.5980788153608585,1
Once upon a time there was a girl named Lila. In her house there was a magical room that contained furniture and when she entered she saw a television.,television,furniture,4.41,0.6094798412295328,1
Once upon a time there was a girl named Lila. In her house there was a magical room that contained furniture and when she entered she saw a bar.,bar,furniture,4.46,0.6379824059012177,1
Once upon a time there was a girl named Lila. In her house there was a magical room that contained furniture and when she entered she saw a shelf.,shelf,furniture,4.52,0.6721854835072396,1
Once upon a time there was a girl named Lila. In her house there was a magical room that contained furniture and when she entered she saw a rug.,rug,furniture,5.0,0.9458101043554167,1
Once upon a time there was a girl named Lila. In her house there was a magical room that contained furniture and when she entered she saw a pillow.,pillow,furniture,5.03,0.9629116431584278,1
Once upon a time there was a girl named Lila. In her house there was a magical room that contained furniture and when she entered she saw a wastebasket.,wastebasket,furniture,5.34,1.1396275441228751,1
Once upon a time there was a girl named Lila. In her house there was a magical room that contained furniture and when she entered she saw a radio.,radio,furniture,5.37,1.1567290829258863,1
Once upon a time there was a girl named Lila. In her house there was a magical room that contained furniture and when she entered she saw a sewing machine.,sewing machine,furniture,5.39,1.1681301087945601,1
Once upon a time there was a girl named Lila. In her house there was a magical room that contained furniture and when she entered she saw a stove.,stove,furniture,5.4,1.1738306217288974,1
Once upon a time there was a girl named Lila. In her house there was a magical room that contained furniture and when she entered she saw a counter.,counter,furniture,5.44,1.1966326734662456,1
Once upon a time there was a girl named Lila. In her house there was a magical room that contained furniture and when she entered she saw a clock.,clock,furniture,5.48,1.2194347252035938,1
Once upon a time there was a girl named Lila. In her house there was a magical room that contained furniture and when she entered she saw drapes.,drapes,furniture,5.67,1.3277444709559967,1
Once upon a time there was a girl named Lila. In her house there was a magical room that contained furniture and when she entered she saw a refrigerator.,refrigerator,furniture,5.7,1.3448460097590078,1
Once upon a time there was a girl named Lila. In her house there was a magical room that contained furniture and when she entered she saw a picture.,picture,furniture,5.75,1.3733485744306928,1
Once upon a time there was a girl named Lila. In her house there was a magical room that contained furniture and when she entered she saw a closet.,closet,furniture,5.95,1.4873588331174332,1
Once upon a time there was a girl named Lila. In her house there was a magical room that contained furniture and when she entered she saw a vase.,vase,furniture,6.23,1.64697319527887,1
Once upon a time there was a girl named Lila. In her house there was a magical room that contained furniture and when she entered she saw an ashtray.,ashtray,furniture,6.35,1.7153793504909136,1
Once upon a time there was a girl named Lila. In her house there was a magical room that contained furniture and when she entered she saw a fan.,fan,furniture,6.49,1.7951865315716322,1
Once upon a time there was a girl named Lila. In her house there was a magical room that contained furniture and when she entered she saw a telephone.,telephone,furniture,6.68,1.9034962773240351,1
Once upon a time there was a girl named Lila. In her house there was a magical room that contained weapons and when she entered she saw a gun.,gun,weapon,1.03,-1.481641593438564,1
Once upon a time there was a girl named Lila. In her house there was a magical room that contained weapons and when she entered she saw a pistol.,pistol,weapon,1.07,-1.4538303950633682,1
Once upon a time there was a girl named Lila. In her house there was a magical room that contained weapons and when she entered she saw a revolver.,revolver,weapon,1.09,-1.4399247958757697,1
Once upon a time there was a girl named Lila. In her house there was a magical room that contained weapons and when she entered she saw a machine gun.,machine gun,weapon,1.16,-1.3912551987191772,1
Once upon a time there was a girl named Lila. In her house there was a magical room that contained weapons and when she entered she saw a rifle.,rifle,weapon,1.17,-1.3843023991253782,1
Once upon a time there was a girl named Lila. In her house there was a magical room that contained weapons and when she entered she saw a switchblade.,switchblade,weapon,1.35,-1.2591520064369963,1
Once upon a time there was a girl named Lila. In her house there was a magical room that contained weapons and when she entered she saw a knife.,knife,weapon,1.4,-1.2243880084680014,1
Once upon a time there was a girl named Lila. In her house there was a magical room that contained weapons and when she entered she saw a dagger.,dagger,weapon,1.41,-1.2174352088742024,1
Once upon a time there was a girl named Lila. In her house there was a magical room that contained weapons and when she entered she saw a shotgun.,shotgun,weapon,1.46,-1.1826712109052075,1
Once upon a time there was a girl named Lila. In her house there was a magical room that contained weapons and when she entered she saw a sword.,sword,weapon,1.47,-1.1757184113114085,1
Once upon a time there was a girl named Lila. In her house there was a magical room that contained weapons and when she entered she saw a bomb.,bomb,weapon,1.61,-1.0783792169982227,1
Once upon a time there was a girl named Lila. In her house there was a magical room that contained weapons and when she entered she saw a hand grenade.,hand grenade,weapon,1.61,-1.0783792169982227,1
Once upon a time there was a girl named Lila. In her house there was a magical room that contained weapons and when she entered she saw an atom bomb.,atom bomb,weapon,1.69,-1.022756820247831,1
Once upon a time there was a girl named Lila. In her house there was a magical room that contained weapons and when she entered she saw a bayonet.,bayonet,weapon,1.69,-1.022756820247831,1
Once upon a time there was a girl named Lila. In her house there was a magical room that contained weapons and when she entered she saw a spear.,spear,weapon,1.7,-1.015804020654032,1
Once upon a time there was a girl named Lila. In her house there was a magical room that contained weapons and when she entered she saw a bazooka.,bazooka,weapon,1.76,-0.974087223091238,1
Once upon a time there was a girl named Lila. In her house there was a magical room that contained weapons and when she entered she saw a cannon.,cannon,weapon,1.96,-0.8350312312152582,1
Once upon a time there was a girl named Lila. In her house there was a magical room that contained weapons and when she entered she saw a bow and arrow.,bow and arrow,weapon,1.98,-0.8211256320276603,1
Once upon a time there was a girl named Lila. In her house there was a magical room that contained weapons and when she entered she saw a club.,club,weapon,2.09,-0.7446448364958715,1
Once upon a time there was a girl named Lila. In her house there was a magical room that contained weapons and when she entered she saw a lance.,lance,weapon,2.14,-0.7098808385268764,1
Once upon a time there was a girl named Lila. In her house there was a magical room that contained weapons and when she entered she saw brass knuckles.,brass knuckles,weapon,2.38,-0.5430136482757009,1
Once upon a time there was a girl named Lila. In her house there was a magical room that contained weapons and when she entered she saw a bullet.,bullet,weapon,2.44,-0.501296850712907,1
Once upon a time there was a girl named Lila. In her house there was a magical room that contained weapons and when she entered she saw a tomahawk.,tomahawk,weapon,2.48,-0.473485652337711,1
Once upon a time there was a girl named Lila. In her house there was a magical room that contained weapons and when she entered she saw a mortar.,mortar,weapon,2.56,-0.41786325558731907,1
Once upon a time there was a girl named Lila. In her house there was a magical room that contained weapons and when she entered she saw an arrow.,arrow,weapon,2.66,-0.3483352596493291,1
Once upon a time there was a girl named Lila. In her house there was a magical room that contained weapons and when she entered she saw a blackjack.,blackjack,weapon,2.68,-0.3344296604617311,1
Once upon a time there was a girl named Lila. In her house there was a magical room that contained weapons and when she entered she saw a tank.,tank,weapon,2.74,-0.29271286289893717,1
Once upon a time there was a girl named Lila. In her house there was a magical room that contained weapons and when she entered she saw teargas.,teargas,weapon,2.88,-0.19537366858575161,1
Once upon a time there was a girl named Lila. In her house there was a magical room that contained weapons and when she entered she saw a missile.,missile,weapon,2.9,-0.18146806939815363,1
Once upon a time there was a girl named Lila. In her house there was a magical room that contained weapons and when she entered she saw a whip.,whip,weapon,3.11,-0.03545927792837494,1
Once upon a time there was a girl named Lila. In her house there was a magical room that contained weapons and when she entered she saw an ice pick.,ice pick,weapon,3.14,-0.014600879146977807,1
Once upon a time there was a girl named Lila. In her house there was a magical room that contained weapons and when she entered she saw a hatchet.,hatchet,weapon,3.16,-0.000695279959379822,1
Once upon a time there was a girl named Lila. In her house there was a magical room that contained weapons and when she entered she saw a slingshot.,slingshot,weapon,3.29,0.08969111476000692,1
Once upon a time there was a girl named Lila. In her house there was a magical room that contained weapons and when she entered she saw a fist.,fist,weapon,3.31,0.1035967139476049,1
Once upon a time there was a girl named Lila. In her house there was a magical room that contained weapons and when she entered she saw an axe.,axe,weapon,3.34,0.12445511272900173,1
Once upon a time there was a girl named Lila. In her house there was a magical room that contained weapons and when she entered she saw a bow.,bow,weapon,3.44,0.19398310866699164,1
Once upon a time there was a girl named Lila. In her house there was a magical room that contained weapons and when she entered she saw a razor.,razor,weapon,3.82,0.45818949323135305,1
Once upon a time there was a girl named Lila. In her house there was a magical room that contained weapons and when she entered she saw a razor blade.,razor blade,weapon,3.83,0.4651422928251522,1
Once upon a time there was a girl named Lila. In her house there was a magical room that contained weapons and when she entered she saw a rocket.,rocket,weapon,3.9,0.513811889981745,1
Once upon a time there was a girl named Lila. In her house there was a magical room that contained weapons and when she entered she saw judo.,judo,weapon,3.94,0.541623088356941,1
Once upon a time there was a girl named Lila. In her house there was a magical room that contained weapons and when she entered she saw a stick.,stick,weapon,4.04,0.6111510842949309,1
Once upon a time there was a girl named Lila. In her house there was a magical room that contained weapons and when she entered she saw poison.,poison,weapon,4.07,0.632009483076328,1
Once upon a time there was a girl named Lila. In her house there was a magical room that contained weapons and when she entered she saw a rock.,rock,weapon,4.18,0.7084902786081164,1
Once upon a time there was a girl named Lila. In her house there was a magical room that contained weapons and when she entered she saw a stone.,stone,weapon,4.26,0.7641126753585084,1
Once upon a time there was a girl named Lila. In her house there was a magical room that contained weapons and when she entered she saw gas.,gas,weapon,4.31,0.7988766733275032,1
Once upon a time there was a girl named Lila. In her house there was a magical room that contained weapons and when she entered she saw a chain.,chain,weapon,4.45,0.8962158676406894,1
Once upon a time there was a girl named Lila. In her house there was a magical room that contained weapons and when she entered she saw scissors.,scissors,weapon,4.5,0.9309798656096842,1
Once upon a time there was a girl named Lila. In her house there was a magical room that contained weapons and when she entered she saw a brick.,brick,weapon,4.64,1.0283190599228698,1
Once upon a time there was a girl named Lila. In her house there was a magical room that contained weapons and when she entered she saw a pitchfork.,pitchfork,weapon,4.67,1.0491774587042668,1
Once upon a time there was a girl named Lila. In her house there was a magical room that contained weapons and when she entered she saw a hammer.,hammer,weapon,4.78,1.125658254236056,1
Once upon a time there was a girl named Lila. In her house there was a magical room that contained weapons and when she entered she saw a word.,word,weapon,4.93,1.2299502481430404,1
Once upon a time there was a girl named Lila. In her house there was a magical room that contained weapons and when she entered she saw a hand.,hand,weapon,5.01,1.2855726448934324,1
Once upon a time there was a girl named Lila. In her house there was a magical room that contained weapons and when she entered she saw a pipe.,pipe,weapon,5.04,1.3064310436748294,1
Once upon a time there was a girl named Lila. In her house there was a magical room that contained weapons and when she entered she saw a rope.,rope,weapon,5.08,1.3342422420500255,1
Once upon a time there was a girl named Lila. In her house there was a magical room that contained weapons and when she entered she saw an airplane.,airplane,weapon,5.09,1.3411950416438243,1
Once upon a time there was a girl named Lila. In her house there was a magical room that contained weapons and when she entered she saw a foot.,foot,weapon,5.23,1.4385342359570106,1
Once upon a time there was a girl named Lila. In her house there was a magical room that contained weapons and when she entered she saw a car.,car,weapon,5.31,1.4941566327074018,1
Once upon a time there was a girl named Lila. In her house there was a magical room that contained weapons and when she entered she saw a screwdriver.,screwdriver,weapon,5.4,1.5567318290515932,1
Once upon a time there was a girl named Lila. In her house there was a magical room that contained weapons and when she entered she saw glass.,glass,weapon,5.6,1.6957878209275725,1
Once upon a time there was a girl named Lila. In her house there was a magical room that contained weapons and when she entered she saw a shoe.,shoe,weapon,6.23,2.133814195336909,1
Once upon a time there was a girl named Lila. In her house there was a magical room that contained toys and when she entered she saw an ashtray.,ashtray,toy,,,0
Once upon a time there was a girl named Lila. In her house there was a magical room that contained toys and when she entered she saw a bed.,bed,toy,,,0
Once upon a time there was a girl named Lila. In her house there was a magical room that contained sports and when she entered she saw a kite.,kite,sport,,,0
Once upon a time there was a girl named Lila. In her house there was a magical room that contained vegetables and when she entered she saw a raspberry.,raspberry,vegetable,,,0
Once upon a time there was a girl named Lila. In her house there was a magical room that contained sports and when she entered she saw a chisel.,chisel,sport,,,0
Once upon a time there was a girl named Lila. In her house there was a magical room that contained tools and when she entered she saw an apple.,apple,tool,,,0
Once upon a time there was a girl named Lila. In her house there was a magical room that contained furniture and when she entered she saw a sweatshirt.,sweatshirt,furniture,,,0
Once upon a time there was a girl named Lila. In her house there was a magical room that contained fruits and when she entered she saw a carrot.,carrot,fruit,,,0
Once upon a time there was a girl named Lila. In her house there was a magical room that contained clothing and when she entered she saw a chest of drawers.,chest of drawers,clothing,,,0
Once upon a time there was a girl named Lila. In her house there was a magical room that contained sports and when she entered she saw a vest.,vest,sport,,,0
Once upon a time there was a girl named Lila. In her house there was a magical room that contained vehicles and when she entered she saw a razor.,razor,vehicle,,,0
Once upon a time there was a girl named Lila. In her house there was a magical room that contained weapons and when she entered she saw a yacht.,yacht,weapon,,,0
Once upon a time there was a girl named Lila. In her house there was a magical room that contained fruits and when she entered she saw an ice pick.,ice pick,fruit,,,0
Once upon a time there was a girl named Lila. In her house there was a magical room that contained clothing and when she entered she saw a lima bean.,lima bean,clothing,,,0
Once upon a time there was a girl named Lila. In her house there was a magical room that contained clothing and when she entered she saw a skateboard.,skateboard,clothing,,,0
Once upon a time there was a girl named Lila. In her house there was a magical room that contained tools and when she entered she saw a whip.,whip,tool,,,0
Once upon a time there was a girl named Lila. In her house there was a magical room that contained vehicles and when she entered she saw an anvil.,anvil,vehicle,,,0
Once upon a time there was a girl named Lila. In her house there was a magical room that contained tools and when she entered she saw a redbird.,redbird,tool,,,0
Once upon a time there was a girl named Lila. In her house there was a magical room that contained furniture and when she entered she saw a slip.,slip,furniture,,,0
Once upon a time there was a girl named Lila. In her house there was a magical room that contained vegetables and when she entered she saw a muskmelon.,muskmelon,vegetable,,,0
Once upon a time there was a girl named Lila. In her house there was a magical room that contained vehicles and when she entered she saw a miter box.,miter box,vehicle,,,0
Once upon a time there was a girl named Lila. In her house there was a magical room that contained birds and when she entered she saw croquet.,croquet,bird,,,0
Once upon a time there was a girl named Lila. In her house there was a magical room that contained vehicles and when she entered she saw a hi-fi.,hi-fi,vehicle,,,0
Once upon a time there was a girl named Lila. In her house there was a magical room that contained birds and when she entered she saw poison.,poison,bird,,,0
Once upon a time there was a girl named Lila. In her house there was a magical room that contained toys and when she entered she saw a swallow.,swallow,toy,,,0
Once upon a time there was a girl named Lila. In her house there was a magical room that contained birds and when she entered she saw a rowboat.,rowboat,bird,,,0
Once upon a time there was a girl named Lila. In her house there was a magical room that contained vegetables and when she entered she saw a bra.,bra,vegetable,,,0
Once upon a time there was a girl named Lila. In her house there was a magical room that contained tools and when she entered she saw a sewing machine.,sewing machine,tool,,,0
Once upon a time there was a girl named Lila. In her house there was a magical room that contained tools and when she entered she saw car racing.,car racing,tool,,,0
Once upon a time there was a girl named Lila. In her house there was a magical room that contained clothing and when she entered she saw a wheelchair.,wheelchair,clothing,,,0
Once upon a time there was a girl named Lila. In her house there was a magical room that contained weapons and when she entered she saw hockey.,hockey,weapon,,,0
Once upon a time there was a girl named Lila. In her house there was a magical room that contained furniture and when she entered she saw pole vault.,pole vault,furniture,,,0
Once upon a time there was a girl named Lila. In her house there was a magical room that contained fruits and when she entered she saw a magazine rack.,magazine rack,fruit,,,0
Once upon a time there was a girl named Lila. In her house there was a magical room that contained vehicles and when she entered she saw a magazine rack.,magazine rack,vehicle,,,0
Once upon a time there was a girl named Lila. In her house there was a magical room that contained clothing and when she entered she saw a plumb line.,plumb line,clothing,,,0
Once upon a time there was a girl named Lila. In her house there was a magical room that contained tools and when she entered she saw a bluejay.,bluejay,tool,,,0
Once upon a time there was a girl named Lila. In her house there was a magical room that contained vehicles and when she entered she saw a bazooka.,bazooka,vehicle,,,0
Once upon a time there was a girl named Lila. In her house there was a magical room that contained vegetables and when she entered she saw a pipe.,pipe,vegetable,,,0
Once upon a time there was a girl named Lila. In her house there was a magical room that contained sports and when she entered she saw a cardinal.,cardinal,sport,,,0
Once upon a time there was a girl named Lila. In her house there was a magical room that contained sports and when she entered she saw a muskmelon.,muskmelon,sport,,,0
Once upon a time there was a girl named Lila. In her house there was a magical room that contained clothing and when she entered she saw a yacht.,yacht,clothing,,,0
Once upon a time there was a girl named Lila. In her house there was a magical room that contained tools and when she entered she saw a kumquat.,kumquat,tool,,,0
Once upon a time there was a girl named Lila. In her house there was a magical room that contained vehicles and when she entered she saw a bar.,bar,vehicle,,,0
Once upon a time there was a girl named Lila. In her house there was a magical room that contained weapons and when she entered she saw skiing.,skiing,weapon,,,0
Once upon a time there was a girl named Lila. In her house there was a magical room that contained weapons and when she entered she saw a kumquat.,kumquat,weapon,,,0
Once upon a time there was a girl named Lila. In her house there was a magical room that contained weapons and when she entered she saw a lark.,lark,weapon,,,0
Once upon a time there was a girl named Lila. In her house there was a magical room that contained toys and when she entered she saw a drawer.,drawer,toy,,,0
Once upon a time there was a girl named Lila. In her house there was a magical room that contained weapons and when she entered she saw romaine.,romaine,weapon,,,0
Once upon a time there was a girl named Lila. In her house there was a magical room that contained furniture and when she entered she saw canoeing.,canoeing,furniture,,,0
Once upon a time there was a girl named Lila. In her house there was a magical room that contained fruits and when she entered she saw a pillow.,pillow,fruit,,,0
Once upon a time there was a girl named Lila. In her house there was a magical room that contained weapons and when she entered she saw an erector set.,erector set,weapon,,,0
Once upon a time there was a girl named Lila. In her house there was a magical room that contained sports and when she entered she saw a watch.,watch,sport,,,0
Once upon a time there was a girl named Lila. In her house there was a magical room that contained clothing and when she entered she saw an orange.,orange,clothing,,,0
Once upon a time there was a girl named Lila. In her house there was a magical room that contained fruits and when she entered she saw a dove.,dove,fruit,,,0
Once upon a time there was a girl named Lila. In her house there was a magical room that contained fruits and when she entered she saw a bazooka.,bazooka,fruit,,,0
Once upon a time there was a girl named Lila. In her house there was a magical room that contained birds and when she entered she saw a chain.,chain,bird,,,0
Once upon a time there was a girl named Lila. In her house there was a magical room that contained clothing and when she entered she saw a vase.,vase,clothing,,,0
Once upon a time there was a girl named Lila. In her house there was a magical room that contained vehicles and when she entered she saw a missile.,missile,vehicle,,,0
Once upon a time there was a girl named Lila. In her house there was a magical room that contained toys and when she entered she saw a van.,van,toy,,,0
Once upon a time there was a girl named Lila. In her house there was a magical room that contained vehicles and when she entered she saw a refrigerator.,refrigerator,vehicle,,,0
Once upon a time there was a girl named Lila. In her house there was a magical room that contained vehicles and when she entered she saw dancing.,dancing,vehicle,,,0
Once upon a time there was a girl named Lila. In her house there was a magical room that contained toys and when she entered she saw a radio.,radio,toy,,,0
Once upon a time there was a girl named Lila. In her house there was a magical room that contained sports and when she entered she saw a coat.,coat,sport,,,0
Once upon a time there was a girl named Lila. In her house there was a magical room that contained vegetables and when she entered she saw a brush.,brush,vegetable,,,0
Once upon a time there was a girl named Lila. In her house there was a magical room that contained tools and when she entered she saw a necklace.,necklace,tool,,,0
Once upon a time there was a girl named Lila. In her house there was a magical room that contained tools and when she entered she saw a bluebird.,bluebird,tool,,,0
Once upon a time there was a girl named Lila. In her house there was a magical room that contained weapons and when she entered she saw a tangerine.,tangerine,weapon,,,0
Once upon a time there was a girl named Lila. In her house there was a magical room that contained tools and when she entered she saw a girdle.,girdle,tool,,,0
Once upon a time there was a girl named Lila. In her house there was a magical room that contained birds and when she entered she saw car racing.,car racing,bird,,,0
Once upon a time there was a girl named Lila. In her house there was a magical room that contained sports and when she entered she saw a surfboard.,surfboard,sport,,,0
Once upon a time there was a girl named Lila. In her house there was a magical room that contained furniture and when she entered she saw a woodpecker.,woodpecker,furniture,,,0
Once upon a time there was a girl named Lila. In her house there was a magical room that contained fruits and when she entered she saw garlic.,garlic,fruit,,,0
Once upon a time there was a girl named Lila. In her house there was a magical room that contained toys and when she entered she saw a parsnip.,parsnip,toy,,,0
Once upon a time there was a girl named Lila. In her house there was a magical room that contained birds and when she entered she saw a bar.,bar,bird,,,0
Once upon a time there was a girl named Lila. In her house there was a magical room that contained fruits and when she entered she saw a redbird.,redbird,fruit,,,0
Once upon a time there was a girl named Lila. In her house there was a magical room that contained furniture and when she entered she saw a machine gun.,machine gun,furniture,,,0
Once upon a time there was a girl named Lila. In her house there was a magical room that contained weapons and when she entered she saw a puzzle.,puzzle,weapon,,,0
Once upon a time there was a girl named Lila. In her house there was a magical room that contained vehicles and when she entered she saw a scarf.,scarf,vehicle,,,0
Once upon a time there was a girl named Lila. In her house there was a magical room that contained clothing and when she entered she saw a ball.,ball,clothing,,,0
Once upon a time there was a girl named Lila. In her house there was a magical room that contained furniture and when she entered she saw a mitten.,mitten,furniture,,,0
Once upon a time there was a girl named Lila. In her house there was a magical room that contained weapons and when she entered she saw a bathing suit.,bathing suit,weapon,,,0
Once upon a time there was a girl named Lila. In her house there was a magical room that contained toys and when she entered she saw a thrush.,thrush,toy,,,0
Once upon a time there was a girl named Lila. In her house there was a magical room that contained tools and when she entered she saw a lark.,lark,tool,,,0
Once upon a time there was a girl named Lila. In her house there was a magical room that contained clothing and when she entered she saw a clock.,clock,clothing,,,0
Once upon a time there was a girl named Lila. In her house there was a magical room that contained weapons and when she entered she saw a pogo stick.,pogo stick,weapon,,,0
Once upon a time there was a girl named Lila. In her house there was a magical room that contained furniture and when she entered she saw a rocking horse.,rocking horse,furniture,,,0
Once upon a time there was a girl named Lila. In her house there was a magical room that contained clothing and when she entered she saw canoeing.,canoeing,clothing,,,0
Once upon a time there was a girl named Lila. In her house there was a magical room that contained furniture and when she entered she saw a banana.,banana,furniture,,,0
Once upon a time there was a girl named Lila. In her house there was a magical room that contained birds and when she entered she saw a ski.,ski,bird,,,0
Once upon a time there was a girl named Lila. In her house there was a magical room that contained birds and when she entered she saw glass.,glass,bird,,,0
Once upon a time there was a girl named Lila. In her house there was a magical room that contained toys and when she entered she saw a gooseberry.,gooseberry,toy,,,0
Once upon a time there was a girl named Lila. In her house there was a magical room that contained sports and when she entered she saw drapes.,drapes,sport,,,0
Once upon a time there was a girl named Lila. In her house there was a magical room that contained furniture and when she entered she saw a mitt.,mitt,furniture,,,0
Once upon a time there was a girl named Lila. In her house there was a magical room that contained sports and when she entered she saw animals.,animals,sport,,,0
Once upon a time there was a girl named Lila. In her house there was a magical room that contained toys and when she entered she saw a yam.,yam,toy,,,0
Once upon a time there was a girl named Lila. In her house there was a magical room that contained birds and when she entered she saw tennis.,tennis,bird,,,0
Once upon a time there was a girl named Lila. In her house there was a magical room that contained vegetables and when she entered she saw a pineapple.,pineapple,vegetable,,,0
Once upon a time there was a girl named Lila. In her house there was a magical room that contained weapons and when she entered she saw a kite.,kite,weapon,,,0
Once upon a time there was a girl named Lila. In her house there was a magical room that contained toys and when she entered she saw a redbird.,redbird,toy,,,0
Once upon a time there was a girl named Lila. In her house there was a magical room that contained weapons and when she entered she saw a picture.,picture,weapon,,,0
